-- MySQL dump 10.13  Distrib 8.0.31, for Win64 (x86_64)
--
-- Host: k8a103.p.ssafy.io    Database: edusetpo
-- ------------------------------------------------------
-- Server version	8.0.31

/*!40101 SET @OLD_CHARACTER_SET_CLIENT=@@CHARACTER_SET_CLIENT */;
/*!40101 SET @OLD_CHARACTER_SET_RESULTS=@@CHARACTER_SET_RESULTS */;
/*!40101 SET @OLD_COLLATION_CONNECTION=@@COLLATION_CONNECTION */;
/*!50503 SET NAMES utf8mb4 */;
/*!40103 SET @OLD_TIME_ZONE=@@TIME_ZONE */;
/*!40103 SET TIME_ZONE='+00:00' */;
/*!40014 SET @OLD_UNIQUE_CHECKS=@@UNIQUE_CHECKS, UNIQUE_CHECKS=0 */;
/*!40014 SET @OLD_FOREIGN_KEY_CHECKS=@@FOREIGN_KEY_CHECKS, FOREIGN_KEY_CHECKS=0 */;
/*!40101 SET @OLD_SQL_MODE=@@SQL_MODE, SQL_MODE='NO_AUTO_VALUE_ON_ZERO' */;
/*!40111 SET @OLD_SQL_NOTES=@@SQL_NOTES, SQL_NOTES=0 */;

--
-- Table structure for table `children`
--

DROP TABLE IF EXISTS `children`;
/*!40101 SET @saved_cs_client     = @@character_set_client */;
/*!50503 SET character_set_client = utf8mb4 */;
CREATE TABLE `children` (
  `child_id` bigint NOT NULL AUTO_INCREMENT,
  `child_name` varchar(16) NOT NULL,
  `student_lesson_id` bigint NOT NULL,
  `parent_id` bigint NOT NULL,
  PRIMARY KEY (`child_id`),
  KEY `FKtgapw1m5c4v0ig4ekfg79fnes` (`parent_id`),
  CONSTRAINT `FKtgapw1m5c4v0ig4ekfg79fnes` FOREIGN KEY (`parent_id`) REFERENCES `parent` (`parent_id`)
) ENGINE=InnoDB AUTO_INCREMENT=7 DEFAULT CHARSET=utf8mb4 COLLATE=utf8mb4_0900_ai_ci;
/*!40101 SET character_set_client = @saved_cs_client */;

--
-- Dumping data for table `children`
--

LOCK TABLES `children` WRITE;
/*!40000 ALTER TABLE `children` DISABLE KEYS */;
INSERT INTO `children` VALUES (4,'형준이',1,1),(5,'정호',4,1);
/*!40000 ALTER TABLE `children` ENABLE KEYS */;
UNLOCK TABLES;

--
-- Table structure for table `grade`
--

DROP TABLE IF EXISTS `grade`;
/*!40101 SET @saved_cs_client     = @@character_set_client */;
/*!50503 SET character_set_client = utf8mb4 */;
CREATE TABLE `grade` (
  `grade_id` bigint NOT NULL AUTO_INCREMENT,
  `category_id` bigint NOT NULL,
  `created_at` datetime(6) NOT NULL,
  `exam_date` date NOT NULL,
  `exam_title` varchar(255) NOT NULL,
  `score` bigint NOT NULL,
  `student_lesson_id` bigint NOT NULL,
  PRIMARY KEY (`grade_id`)
) ENGINE=InnoDB AUTO_INCREMENT=8 DEFAULT CHARSET=utf8mb4 COLLATE=utf8mb4_0900_ai_ci;
/*!40101 SET character_set_client = @saved_cs_client */;

--
-- Dumping data for table `grade`
--

LOCK TABLES `grade` WRITE;
/*!40000 ALTER TABLE `grade` DISABLE KEYS */;
INSERT INTO `grade` VALUES (1,1,'2023-05-17 19:46:14.748629','2023-05-02','중간고사 ',89,1),(2,2,'2023-05-17 19:47:14.713123','2023-03-18','3월 서울시 교육청 ',92,1),(3,2,'2023-05-17 19:47:52.055646','2023-04-23','4월 경기도 교육청 ',87,1),(4,2,'2023-05-17 19:48:36.395719','2023-06-03','6월 평가',92,1),(5,3,'2023-05-17 19:49:27.282926','2023-05-22','1단원',98,1),(6,3,'2023-05-17 19:49:47.578193','2023-05-29','2단원',100,1),(7,3,'2023-05-17 19:50:09.004340','2023-06-05','3단원',85,1);
/*!40000 ALTER TABLE `grade` ENABLE KEYS */;
UNLOCK TABLES;

--
-- Table structure for table `grade_category`
--

DROP TABLE IF EXISTS `grade_category`;
/*!40101 SET @saved_cs_client     = @@character_set_client */;
/*!50503 SET character_set_client = utf8mb4 */;
CREATE TABLE `grade_category` (
  `grade_category_id` bigint NOT NULL AUTO_INCREMENT,
  `category` varchar(255) DEFAULT NULL,
  `tutor_id` bigint DEFAULT NULL,
  PRIMARY KEY (`grade_category_id`)
) ENGINE=InnoDB AUTO_INCREMENT=4 DEFAULT CHARSET=utf8mb4 COLLATE=utf8mb4_0900_ai_ci;
/*!40101 SET character_set_client = @saved_cs_client */;

--
-- Dumping data for table `grade_category`
--

LOCK TABLES `grade_category` WRITE;
/*!40000 ALTER TABLE `grade_category` DISABLE KEYS */;
INSERT INTO `grade_category` VALUES (1,'내신',1),(2,'모의고사',1),(3,'쪽지 시험',1);
/*!40000 ALTER TABLE `grade_category` ENABLE KEYS */;
UNLOCK TABLES;

--
-- Table structure for table `homework`
--

DROP TABLE IF EXISTS `homework`;
/*!40101 SET @saved_cs_client     = @@character_set_client */;
/*!50503 SET character_set_client = utf8mb4 */;
CREATE TABLE `homework` (
  `homework_id` bigint NOT NULL AUTO_INCREMENT,
  `content` varchar(255) NOT NULL,
  `created_at` datetime(6) NOT NULL,
  `is_completed` bit(1) NOT NULL,
  `session_id` bigint NOT NULL,
  `student_id` bigint NOT NULL,
  PRIMARY KEY (`homework_id`)
) ENGINE=InnoDB AUTO_INCREMENT=7147 DEFAULT CHARSET=utf8mb4 COLLATE=utf8mb4_0900_ai_ci;
/*!40101 SET character_set_client = @saved_cs_client */;

--
-- Dumping data for table `homework`
--

LOCK TABLES `homework` WRITE;
/*!40000 ALTER TABLE `homework` DISABLE KEYS */;
INSERT INTO `homework` VALUES (1,'고전시가 p.13~17','2023-05-17 20:13:53.825886',_binary '\0',1,1),(2,'고전시가 p.13~17','2023-05-17 20:14:03.834618',_binary '',1,2),(3,'화작문 3-7','2023-05-17 20:14:54.319291',_binary '',1,1),(4,'화작문 3-7','2023-05-17 20:15:01.757573',_binary '\0',1,2),(5,'깜지 1장','2023-05-17 20:15:20.717134',_binary '',1,2),(6,' 고전시가 p.8~12','2023-05-18 14:32:56.693780',_binary '\0',57,1),(7,' 고전시가 p.8~12','2023-05-18 14:33:07.588850',_binary '\0',57,2),(8,'깜지 1장','2023-05-18 14:49:28.399004',_binary '\0',57,1),(9,'화작문 1,2','2023-05-18 14:50:15.073521',_binary '\0',57,1),(10,'화작문 1, 2','2023-05-18 14:51:19.308438',_binary '\0',57,2),(11,'고전시가 p.18~23','2023-05-18 14:51:47.651498',_binary '',29,1),(12,'고전시가 p.18~23','2023-05-18 14:53:17.060323',_binary '\0',29,2),(13,'깜지 1장','2023-05-18 14:53:49.580183',_binary '\0',29,2),(14,'화작문 8~10','2023-05-18 14:57:33.624749',_binary '\0',29,2),(15,'깜지 3장','2023-05-18 15:46:27.218452',_binary '\0',57,2),(16,'화작문 8-10','2023-05-18 16:12:19.476233',_binary '\0',29,1),(17,'영어(p123~p150)','2023-05-18 23:29:26.497237',_binary '\0',142,1),(18,'영어(p123~p150)','2023-05-18 23:31:16.783645',_binary '\0',142,2),(19,'영어 단어 20개','2023-05-18 23:31:53.578634',_binary '\0',142,1),(20,'README 작성','2023-05-19 00:58:32.658074',_binary '\0',972,3),(21,'README 작성','2023-05-19 00:59:14.944038',_binary '\0',972,5),(22,'포팅 메뉴얼 작성','2023-05-19 00:59:27.371002',_binary '\0',972,12),(23,'발표 준비','2023-05-19 00:59:36.020231',_binary '\0',972,13),(24,'발표 준비','2023-05-19 01:39:18.639083',_binary '\0',972,5),(25,'UCC만들기','2023-05-19 01:49:56.330071',_binary '\0',972,12),(26,'최종 산출물 제출','2023-05-19 01:52:56.477367',_binary '',972,3),(31,'UCC만들기','2023-05-19 01:53:44.541165',_binary '\0',972,13);
/*!40000 ALTER TABLE `homework` ENABLE KEYS */;
UNLOCK TABLES;

--
-- Table structure for table `lesson`
--

DROP TABLE IF EXISTS `lesson`;
/*!40101 SET @saved_cs_client     = @@character_set_client */;
/*!50503 SET character_set_client = utf8mb4 */;
CREATE TABLE `lesson` (
  `lesson_id` bigint NOT NULL AUTO_INCREMENT,
  `created_at` datetime(6) NOT NULL,
  `end_date` date DEFAULT NULL,
  `is_ended` bit(1) NOT NULL,
  `lesson_name` varchar(255) NOT NULL,
  `memo` varchar(255) DEFAULT NULL,
  `start_date` date NOT NULL,
  `total_time` int NOT NULL,
  `tutor_id` bigint NOT NULL,
  PRIMARY KEY (`lesson_id`)
) ENGINE=InnoDB AUTO_INCREMENT=20 DEFAULT CHARSET=utf8mb4 COLLATE=utf8mb4_0900_ai_ci;
/*!40101 SET character_set_client = @saved_cs_client */;

--
-- Dumping data for table `lesson`
--

LOCK TABLES `lesson` WRITE;
/*!40000 ALTER TABLE `lesson` DISABLE KEYS */;
INSERT INTO `lesson` VALUES (1,'2023-05-17 17:13:08.554739',NULL,_binary '\0','국어 영재','세명중학교 내신반','2023-05-17',720,1),(2,'2023-05-17 20:45:16.292070',NULL,_binary '\0','국어 영재','큰일낫다','2023-05-20',240,1),(3,'2023-05-18 13:40:23.017488',NULL,_binary '\0','풀스택 개발자가 되는 법','개발 새발','2023-05-11',1440,1),(4,'2023-05-18 21:10:57.928407',NULL,_binary '\0','영어-내신','강동 고등학교','2023-05-18',960,1),(5,'2023-05-18 21:57:55.991408',NULL,_binary '\0','string','string','2023-05-18',960,1),(6,'2023-05-18 21:59:12.036935',NULL,_binary '\0','사회','새명중학교 실전반','2023-05-18',960,1),(7,'2023-05-18 23:29:03.806223',NULL,_binary '\0','멀캠중 1반 코딩','가즈아!!!','2023-05-15',360,3),(8,'2023-05-18 23:48:38.693229',NULL,_binary '\0','수정해봅시다','성공기원','2023-05-09',0,2),(9,'2023-05-18 23:52:12.939191',NULL,_binary '\0','이번엔 수업ㅈ 상세로 이동','이동하나요??','2023-05-02',2876,2),(10,'2023-05-18 23:53:30.015939',NULL,_binary '\0','마지막','마지막찐막','2023-05-16',0,2),(11,'2023-05-18 23:56:53.094820',NULL,_binary '\0','지이이이인짜 마지막',NULL,'2023-05-09',0,2),(12,'2023-05-18 23:57:48.407579',NULL,_binary '\0','예쁜 수업 이름','수업 이름 추가했음!! 메모도!!','2023-05-08',0,2),(13,'2023-05-18 23:58:37.325048',NULL,_binary '\0','ㄴㅇㄹ','ㅁㄴㅇㄹ메모오오','2023-05-15',0,2),(14,'2023-05-19 00:24:10.561109',NULL,_binary '\0','최종 발표','자율 프로젝트','2023-05-18',1200,1),(15,'2023-05-19 00:25:52.084014',NULL,_binary '\0','우리팀 회식','서삼이들 회식','2023-05-18',720,1),(16,'2023-05-19 01:02:41.074064',NULL,_binary '\0','보내드렸습니다~~','토큰은 오배건!','2023-05-18',840,2),(17,'2023-05-19 01:21:29.095787',NULL,_binary '\0','금요일에 만나요','아이유','2023-05-18',120,2),(18,'2023-05-19 01:22:14.801423',NULL,_binary '\0','2PM','아니요? 3PM','2023-05-16',480,2),(19,'2023-05-19 09:38:08.243740',NULL,_binary '\0','SQLD 완전정복','3수생의 유쾌한 반란','2023-06-03',720,1);
/*!40000 ALTER TABLE `lesson` ENABLE KEYS */;
UNLOCK TABLES;

--
-- Table structure for table `lesson_tag`
--

DROP TABLE IF EXISTS `lesson_tag`;
/*!40101 SET @saved_cs_client     = @@character_set_client */;
/*!50503 SET character_set_client = utf8mb4 */;
CREATE TABLE `lesson_tag` (
  `lesson_tag_id` bigint NOT NULL AUTO_INCREMENT,
  `lesson_id` bigint NOT NULL,
  `tag_id` bigint NOT NULL,
  `tutor_id` bigint NOT NULL,
  PRIMARY KEY (`lesson_tag_id`),
  KEY `FKbuv37uxis7wv5v4esm88doxv4` (`tag_id`),
  CONSTRAINT `FKbuv37uxis7wv5v4esm88doxv4` FOREIGN KEY (`tag_id`) REFERENCES `tag` (`tag_id`)
) ENGINE=InnoDB AUTO_INCREMENT=34 DEFAULT CHARSET=utf8mb4 COLLATE=utf8mb4_0900_ai_ci;
/*!40101 SET character_set_client = @saved_cs_client */;

--
-- Dumping data for table `lesson_tag`
--

LOCK TABLES `lesson_tag` WRITE;
/*!40000 ALTER TABLE `lesson_tag` DISABLE KEYS */;
INSERT INTO `lesson_tag` VALUES (1,1,1,1),(2,2,1,1),(3,3,19,1),(4,3,20,1),(5,3,21,1),(6,4,3,1),(7,4,11,1),(8,5,1,1),(9,6,1,1),(10,6,2,1),(11,2,2,1),(12,1,2,1),(13,7,41,3),(15,9,36,2),(16,11,46,2),(18,13,48,2),(21,12,51,2),(22,12,36,2),(23,14,52,1),(24,14,53,1),(25,14,54,1),(26,14,55,1),(27,15,56,1),(28,15,57,1),(29,16,58,2),(30,16,59,2),(31,18,60,2),(32,19,2,1),(33,19,61,1);
/*!40000 ALTER TABLE `lesson_tag` ENABLE KEYS */;
UNLOCK TABLES;

--
-- Table structure for table `parent`
--

DROP TABLE IF EXISTS `parent`;
/*!40101 SET @saved_cs_client     = @@character_set_client */;
/*!50503 SET character_set_client = utf8mb4 */;
CREATE TABLE `parent` (
  `parent_id` bigint NOT NULL AUTO_INCREMENT,
  `created_at` date NOT NULL,
  `email` varchar(50) NOT NULL,
  `is_withdraw` bit(1) NOT NULL,
  `parent_name` varchar(10) NOT NULL,
  `password` varchar(68) NOT NULL,
  PRIMARY KEY (`parent_id`)
) ENGINE=InnoDB AUTO_INCREMENT=8 DEFAULT CHARSET=utf8mb4 COLLATE=utf8mb4_0900_ai_ci;
/*!40101 SET character_set_client = @saved_cs_client */;

--
-- Dumping data for table `parent`
--

LOCK TABLES `parent` WRITE;
/*!40000 ALTER TABLE `parent` DISABLE KEYS */;
INSERT INTO `parent` VALUES (1,'2023-05-17','00yujin00@naver.com',_binary '\0','형준엄마','{bcrypt}$2a$10$brko7zI/SbTUaMO5TGb6KO45RcGRpzJ7AHCkggCQzkMe4P.8Vw48W'),(3,'2023-05-18','xguu@naver.com',_binary '\0','형준 아빠','{bcrypt}$2a$10$9bGhUqt2/CwjugkKX1p0Uuf.iboXdcu.ERhd/GmLooQXP/dzhuU32'),(4,'2023-05-18','abcdq12345@naver.com',_binary '\0','user','{bcrypt}$2a$10$yTw/SIbLz/D9kbh0TwoP8..5e8xRQAuPzZmtK4rg0ShoCmTXcDvRe'),(5,'2023-05-18','babo@babo.com',_binary '\0','정호맘 ','{bcrypt}$2a$10$CafTahOPDAXMjZYvkLLqQ.kWyvsHD3uGMA36AIy4wlmJttvpxpcie'),(6,'2023-05-18','mstkang@gmail.com',_binary '\0','강컨부모','{bcrypt}$2a$10$yPGIEVp7A25LsZgdPiBqiubcBawPv8IrPZgUQWTsa8QGiaMYC0eSS'),(7,'2023-05-18','eugenieseo16@gmail.com',_binary '\0','희연맘','{bcrypt}$2a$10$2E01.HYMpSyyhs3lXVfv3.DUxz4FgnL/bpRYWxhZv4XrVXM4HJ9wa');
/*!40000 ALTER TABLE `parent` ENABLE KEYS */;
UNLOCK TABLES;

--
-- Table structure for table `parent_student`
--

DROP TABLE IF EXISTS `parent_student`;
/*!40101 SET @saved_cs_client     = @@character_set_client */;
/*!50503 SET character_set_client = utf8mb4 */;
CREATE TABLE `parent_student` (
  `parent_student_id` bigint NOT NULL AUTO_INCREMENT,
  `parent_id` bigint NOT NULL,
  `student_id` bigint NOT NULL,
  PRIMARY KEY (`parent_student_id`),
  KEY `FKgf58e0fmkymwetklxvjxrbt6n` (`parent_id`),
  KEY `FK3h9b41twcc107v5me9pvdswaw` (`student_id`),
  CONSTRAINT `FK3h9b41twcc107v5me9pvdswaw` FOREIGN KEY (`student_id`) REFERENCES `student` (`student_id`),
  CONSTRAINT `FKgf58e0fmkymwetklxvjxrbt6n` FOREIGN KEY (`parent_id`) REFERENCES `parent` (`parent_id`)
) ENGINE=InnoDB DEFAULT CHARSET=utf8mb4 COLLATE=utf8mb4_0900_ai_ci;
/*!40101 SET character_set_client = @saved_cs_client */;

--
-- Dumping data for table `parent_student`
--

LOCK TABLES `parent_student` WRITE;
/*!40000 ALTER TABLE `parent_student` DISABLE KEYS */;
/*!40000 ALTER TABLE `parent_student` ENABLE KEYS */;
UNLOCK TABLES;

--
-- Table structure for table `salary`
--

DROP TABLE IF EXISTS `salary`;
/*!40101 SET @saved_cs_client     = @@character_set_client */;
/*!50503 SET character_set_client = utf8mb4 */;
CREATE TABLE `salary` (
  `salary_id` bigint NOT NULL AUTO_INCREMENT,
  `created_at` datetime(6) NOT NULL,
  `is_paid` bit(1) NOT NULL,
  `salary` int NOT NULL,
  `student_lesson_id` bigint NOT NULL,
  `sum_time` smallint NOT NULL,
  `tutor_id` bigint NOT NULL,
  PRIMARY KEY (`salary_id`),
  KEY `FKkembctwskeybtif1rb45egysv` (`student_lesson_id`),
  KEY `FK8ul9ehp78df50idn2myo9uxum` (`tutor_id`),
  CONSTRAINT `FK8ul9ehp78df50idn2myo9uxum` FOREIGN KEY (`tutor_id`) REFERENCES `tutor` (`tutor_id`),
  CONSTRAINT `FKkembctwskeybtif1rb45egysv` FOREIGN KEY (`student_lesson_id`) REFERENCES `student_lesson` (`student_lesson_id`)
) ENGINE=InnoDB DEFAULT CHARSET=utf8mb4 COLLATE=utf8mb4_0900_ai_ci;
/*!40101 SET character_set_client = @saved_cs_client */;

--
-- Dumping data for table `salary`
--

LOCK TABLES `salary` WRITE;
/*!40000 ALTER TABLE `salary` DISABLE KEYS */;
/*!40000 ALTER TABLE `salary` ENABLE KEYS */;
UNLOCK TABLES;

--
-- Table structure for table `schedule`
--

DROP TABLE IF EXISTS `schedule`;
/*!40101 SET @saved_cs_client     = @@character_set_client */;
/*!50503 SET character_set_client = utf8mb4 */;
CREATE TABLE `schedule` (
  `schedule_id` bigint NOT NULL AUTO_INCREMENT,
  `created_at` datetime(6) NOT NULL,
  `duration` int NOT NULL,
  `end_time` time NOT NULL,
  `lesson_day` varchar(255) NOT NULL,
  `lesson_id` bigint NOT NULL,
  `start_time` time NOT NULL,
  PRIMARY KEY (`schedule_id`),
  KEY `FKedcogv21uc4t5mfbtd09rujhj` (`lesson_id`),
  CONSTRAINT `FKedcogv21uc4t5mfbtd09rujhj` FOREIGN KEY (`lesson_id`) REFERENCES `lesson` (`lesson_id`)
) ENGINE=InnoDB AUTO_INCREMENT=44 DEFAULT CHARSET=utf8mb4 COLLATE=utf8mb4_0900_ai_ci;
/*!40101 SET character_set_client = @saved_cs_client */;

--
-- Dumping data for table `schedule`
--

LOCK TABLES `schedule` WRITE;
/*!40000 ALTER TABLE `schedule` DISABLE KEYS */;
INSERT INTO `schedule` VALUES (5,'2023-05-18 13:40:23.030942',180,'19:00:00','MONDAY',3,'16:00:00'),(6,'2023-05-18 13:40:23.043043',180,'21:00:00','THURSDAY',3,'18:00:00'),(7,'2023-05-18 21:10:57.959788',120,'17:00:00','MONDAY',4,'15:00:00'),(8,'2023-05-18 21:10:57.972356',120,'17:00:00','FRIDAY',4,'15:00:00'),(9,'2023-05-18 21:57:56.067269',240,'15:00:00','MONDAY',5,'11:00:00'),(12,'2023-05-18 21:59:36.926095',120,'14:00:00','MONDAY',6,'12:00:00'),(13,'2023-05-18 21:59:36.928171',120,'16:00:00','THURSDAY',6,'14:00:00'),(15,'2023-05-18 22:20:45.504106',60,'19:00:00','MONDAY',1,'18:00:00'),(16,'2023-05-18 22:20:45.520441',60,'19:00:00','WEDNESDAY',1,'18:00:00'),(17,'2023-05-18 22:20:45.522956',60,'19:00:00','FRIDAY',1,'18:00:00'),(20,'2023-05-18 22:29:44.813328',60,'23:30:00','MONDAY',2,'22:30:00'),(21,'2023-05-18 23:29:03.828392',120,'18:00:00','MONDAY',7,'16:00:00'),(22,'2023-05-18 23:29:03.841223',-150,'14:00:00','WEDNESDAY',7,'16:30:00'),(23,'2023-05-18 23:29:03.848828',120,'18:30:00','FRIDAY',7,'16:30:00'),(25,'2023-05-18 23:52:12.948006',719,'12:58:00','WEDNESDAY',9,'00:59:00'),(26,'2023-05-18 23:53:30.024084',0,'12:59:00','MONDAY',10,'12:59:00'),(27,'2023-05-18 23:56:53.121493',0,'12:59:00','MONDAY',11,'12:59:00'),(29,'2023-05-18 23:58:37.332661',0,'12:59:00','WEDNESDAY',13,'12:59:00'),(33,'2023-05-19 00:19:51.022048',0,'12:59:00','MONDAY',8,'12:59:00'),(35,'2023-05-19 00:20:29.193565',0,'12:59:00','MONDAY',12,'12:59:00'),(36,'2023-05-19 00:24:10.586282',300,'18:00:00','FRIDAY',14,'13:00:00'),(37,'2023-05-19 00:25:52.092631',180,'22:00:00','FRIDAY',15,'19:00:00'),(38,'2023-05-19 01:02:41.095366',210,'05:00:00','FRIDAY',16,'01:30:00'),(39,'2023-05-19 01:21:29.168960',30,'01:30:00','FRIDAY',17,'01:00:00'),(40,'2023-05-19 01:22:14.809219',120,'05:00:00','FRIDAY',18,'03:00:00'),(41,'2023-05-19 09:38:08.265103',60,'11:30:00','MONDAY',19,'10:30:00'),(42,'2023-05-19 09:38:08.278463',60,'11:30:00','WEDNESDAY',19,'10:30:00'),(43,'2023-05-19 09:38:08.286934',60,'11:30:00','FRIDAY',19,'10:30:00');
/*!40000 ALTER TABLE `schedule` ENABLE KEYS */;
UNLOCK TABLES;

--
-- Table structure for table `session`
--

DROP TABLE IF EXISTS `session`;
/*!40101 SET @saved_cs_client     = @@character_set_client */;
/*!50503 SET character_set_client = utf8mb4 */;
CREATE TABLE `session` (
  `session_id` bigint NOT NULL AUTO_INCREMENT,
  `actual_date` date NOT NULL,
  `created_at` datetime(6) NOT NULL,
  `default_date` date NOT NULL,
  `duration` smallint NOT NULL,
  `end_time` time NOT NULL,
  `is_completed` bit(1) NOT NULL,
  `lesson_id` bigint NOT NULL,
  `memo` varchar(255) DEFAULT NULL,
  `start_time` time NOT NULL,
  `time_lapse` longtext,
  `tutor_id` bigint NOT NULL,
  PRIMARY KEY (`session_id`),
  KEY `FK83livo6kfydqrtvdnv938hivj` (`lesson_id`),
  KEY `FK5rmskwyss6jbih051cfh6ga80` (`tutor_id`),
  CONSTRAINT `FK5rmskwyss6jbih051cfh6ga80` FOREIGN KEY (`tutor_id`) REFERENCES `tutor` (`tutor_id`),
  CONSTRAINT `FK83livo6kfydqrtvdnv938hivj` FOREIGN KEY (`lesson_id`) REFERENCES `lesson` (`lesson_id`)
) ENGINE=InnoDB AUTO_INCREMENT=1189 DEFAULT CHARSET=utf8mb4 COLLATE=utf8mb4_0900_ai_ci;
/*!40101 SET character_set_client = @saved_cs_client */;

--
-- Dumping data for table `session`
--

LOCK TABLES `session` WRITE;
/*!40000 ALTER TABLE `session` DISABLE KEYS */;
INSERT INTO `session` VALUES (113,'2023-05-15','2023-05-18 13:40:23.060423','2023-05-15',180,'19:00:00',_binary '',3,NULL,'16:00:00',NULL,1),(142,'2023-05-18','2023-05-18 13:40:23.361433','2023-05-18',180,'21:00:00',_binary '\0',3,NULL,'18:00:00',NULL,1),(507,'2023-05-01','2023-05-18 22:29:44.997040','2023-05-01',60,'23:30:00',_binary '\0',2,NULL,'22:30:00',NULL,1),(508,'2023-05-08','2023-05-18 22:29:45.010939','2023-05-08',60,'23:30:00',_binary '\0',2,NULL,'22:30:00',NULL,1),(509,'2023-05-15','2023-05-18 22:29:45.025395','2023-05-15',60,'23:30:00',_binary '\0',2,NULL,'22:30:00',NULL,1),(510,'2023-05-22','2023-05-18 22:29:45.037127','2023-05-22',60,'23:30:00',_binary '\0',2,NULL,'22:30:00',NULL,1),(511,'2023-05-29','2023-05-18 22:29:45.052814','2023-05-29',60,'23:30:00',_binary '\0',2,NULL,'22:30:00',NULL,1),(512,'2023-06-05','2023-05-18 22:29:45.065026','2023-06-05',60,'23:30:00',_binary '\0',2,NULL,'22:30:00',NULL,1),(513,'2023-06-12','2023-05-18 22:29:45.075793','2023-06-12',60,'23:30:00',_binary '\0',2,NULL,'22:30:00',NULL,1),(514,'2023-06-19','2023-05-18 22:29:45.087670','2023-06-19',60,'23:30:00',_binary '\0',2,NULL,'22:30:00',NULL,1),(515,'2023-06-26','2023-05-18 22:29:45.099094','2023-06-26',60,'23:30:00',_binary '\0',2,NULL,'22:30:00',NULL,1),(516,'2023-07-03','2023-05-18 22:29:45.110837','2023-07-03',60,'23:30:00',_binary '\0',2,NULL,'22:30:00',NULL,1),(517,'2023-07-10','2023-05-18 22:29:45.123020','2023-07-10',60,'23:30:00',_binary '\0',2,NULL,'22:30:00',NULL,1),(518,'2023-07-17','2023-05-18 22:29:45.135407','2023-07-17',60,'23:30:00',_binary '\0',2,NULL,'22:30:00',NULL,1),(519,'2023-07-24','2023-05-18 22:29:45.146977','2023-07-24',60,'23:30:00',_binary '\0',2,NULL,'22:30:00',NULL,1),(520,'2023-07-31','2023-05-18 22:29:45.159616','2023-07-31',60,'23:30:00',_binary '\0',2,NULL,'22:30:00',NULL,1),(521,'2023-08-07','2023-05-18 22:29:45.171506','2023-08-07',60,'23:30:00',_binary '\0',2,NULL,'22:30:00',NULL,1),(522,'2023-08-14','2023-05-18 22:29:45.184030','2023-08-14',60,'23:30:00',_binary '\0',2,NULL,'22:30:00',NULL,1),(523,'2023-08-21','2023-05-18 22:29:45.194806','2023-08-21',60,'23:30:00',_binary '\0',2,NULL,'22:30:00',NULL,1),(524,'2023-08-28','2023-05-18 22:29:45.203808','2023-08-28',60,'23:30:00',_binary '\0',2,NULL,'22:30:00',NULL,1),(525,'2023-09-04','2023-05-18 22:29:45.214270','2023-09-04',60,'23:30:00',_binary '\0',2,NULL,'22:30:00',NULL,1),(526,'2023-09-11','2023-05-18 22:29:45.225619','2023-09-11',60,'23:30:00',_binary '\0',2,NULL,'22:30:00',NULL,1),(527,'2023-09-18','2023-05-18 22:29:45.236409','2023-09-18',60,'23:30:00',_binary '\0',2,NULL,'22:30:00',NULL,1),(528,'2023-09-25','2023-05-18 22:29:45.246820','2023-09-25',60,'23:30:00',_binary '\0',2,NULL,'22:30:00',NULL,1),(529,'2023-10-02','2023-05-18 22:29:45.258941','2023-10-02',60,'23:30:00',_binary '\0',2,NULL,'22:30:00',NULL,1),(530,'2023-10-09','2023-05-18 22:29:45.271478','2023-10-09',60,'23:30:00',_binary '\0',2,NULL,'22:30:00',NULL,1),(531,'2023-10-16','2023-05-18 22:29:45.283642','2023-10-16',60,'23:30:00',_binary '\0',2,NULL,'22:30:00',NULL,1),(532,'2023-10-23','2023-05-18 22:29:45.295783','2023-10-23',60,'23:30:00',_binary '\0',2,NULL,'22:30:00',NULL,1),(533,'2023-10-30','2023-05-18 22:29:45.307254','2023-10-30',60,'23:30:00',_binary '\0',2,NULL,'22:30:00',NULL,1),(534,'2023-11-06','2023-05-18 22:29:45.318104','2023-11-06',60,'23:30:00',_binary '\0',2,NULL,'22:30:00',NULL,1),(535,'2023-11-13','2023-05-18 22:29:45.328675','2023-11-13',60,'23:30:00',_binary '\0',2,NULL,'22:30:00',NULL,1),(536,'2023-11-20','2023-05-18 22:29:45.338990','2023-11-20',60,'23:30:00',_binary '\0',2,NULL,'22:30:00',NULL,1),(537,'2023-11-27','2023-05-18 22:29:45.349998','2023-11-27',60,'23:30:00',_binary '\0',2,NULL,'22:30:00',NULL,1),(538,'2023-05-22','2023-05-18 23:29:03.864694','2023-05-22',120,'18:00:00',_binary '\0',7,NULL,'16:00:00',NULL,3),(539,'2023-05-29','2023-05-18 23:29:03.877624','2023-05-29',120,'18:00:00',_binary '\0',7,NULL,'16:00:00',NULL,3),(540,'2023-06-05','2023-05-18 23:29:03.888160','2023-06-05',120,'18:00:00',_binary '\0',7,NULL,'16:00:00',NULL,3),(541,'2023-06-12','2023-05-18 23:29:03.898357','2023-06-12',120,'18:00:00',_binary '\0',7,NULL,'16:00:00',NULL,3),(542,'2023-06-19','2023-05-18 23:29:03.907704','2023-06-19',120,'18:00:00',_binary '\0',7,NULL,'16:00:00',NULL,3),(543,'2023-06-26','2023-05-18 23:29:03.918466','2023-06-26',120,'18:00:00',_binary '\0',7,NULL,'16:00:00',NULL,3),(544,'2023-07-03','2023-05-18 23:29:03.928893','2023-07-03',120,'18:00:00',_binary '\0',7,NULL,'16:00:00',NULL,3),(545,'2023-07-10','2023-05-18 23:29:03.940394','2023-07-10',120,'18:00:00',_binary '\0',7,NULL,'16:00:00',NULL,3),(546,'2023-07-17','2023-05-18 23:29:03.950312','2023-07-17',120,'18:00:00',_binary '\0',7,NULL,'16:00:00',NULL,3),(547,'2023-07-24','2023-05-18 23:29:03.960292','2023-07-24',120,'18:00:00',_binary '\0',7,NULL,'16:00:00',NULL,3),(548,'2023-07-31','2023-05-18 23:29:03.970564','2023-07-31',120,'18:00:00',_binary '\0',7,NULL,'16:00:00',NULL,3),(549,'2023-08-07','2023-05-18 23:29:03.979899','2023-08-07',120,'18:00:00',_binary '\0',7,NULL,'16:00:00',NULL,3),(550,'2023-08-14','2023-05-18 23:29:03.989696','2023-08-14',120,'18:00:00',_binary '\0',7,NULL,'16:00:00',NULL,3),(551,'2023-08-21','2023-05-18 23:29:03.999741','2023-08-21',120,'18:00:00',_binary '\0',7,NULL,'16:00:00',NULL,3),(552,'2023-08-28','2023-05-18 23:29:04.009712','2023-08-28',120,'18:00:00',_binary '\0',7,NULL,'16:00:00',NULL,3),(553,'2023-09-04','2023-05-18 23:29:04.018486','2023-09-04',120,'18:00:00',_binary '\0',7,NULL,'16:00:00',NULL,3),(554,'2023-09-11','2023-05-18 23:29:04.028689','2023-09-11',120,'18:00:00',_binary '\0',7,NULL,'16:00:00',NULL,3),(555,'2023-09-18','2023-05-18 23:29:04.038498','2023-09-18',120,'18:00:00',_binary '\0',7,NULL,'16:00:00',NULL,3),(556,'2023-09-25','2023-05-18 23:29:04.047474','2023-09-25',120,'18:00:00',_binary '\0',7,NULL,'16:00:00',NULL,3),(557,'2023-10-02','2023-05-18 23:29:04.056374','2023-10-02',120,'18:00:00',_binary '\0',7,NULL,'16:00:00',NULL,3),(558,'2023-10-09','2023-05-18 23:29:04.065776','2023-10-09',120,'18:00:00',_binary '\0',7,NULL,'16:00:00',NULL,3),(559,'2023-10-16','2023-05-18 23:29:04.075524','2023-10-16',120,'18:00:00',_binary '\0',7,NULL,'16:00:00',NULL,3),(560,'2023-10-23','2023-05-18 23:29:04.085899','2023-10-23',120,'18:00:00',_binary '\0',7,NULL,'16:00:00',NULL,3),(561,'2023-10-30','2023-05-18 23:29:04.095503','2023-10-30',120,'18:00:00',_binary '\0',7,NULL,'16:00:00',NULL,3),(562,'2023-11-06','2023-05-18 23:29:04.104926','2023-11-06',120,'18:00:00',_binary '\0',7,NULL,'16:00:00',NULL,3),(563,'2023-11-13','2023-05-18 23:29:04.115821','2023-11-13',120,'18:00:00',_binary '\0',7,NULL,'16:00:00',NULL,3),(564,'2023-11-20','2023-05-18 23:29:04.126653','2023-11-20',120,'18:00:00',_binary '\0',7,NULL,'16:00:00',NULL,3),(565,'2023-11-27','2023-05-18 23:29:04.137039','2023-11-27',120,'18:00:00',_binary '\0',7,NULL,'16:00:00',NULL,3),(566,'2023-05-17','2023-05-18 23:29:04.147479','2023-05-17',-150,'14:00:00',_binary '',7,NULL,'16:30:00',NULL,3),(567,'2023-05-24','2023-05-18 23:29:04.157579','2023-05-24',-150,'14:00:00',_binary '\0',7,NULL,'16:30:00',NULL,3),(568,'2023-05-31','2023-05-18 23:29:04.166881','2023-05-31',-150,'14:00:00',_binary '\0',7,NULL,'16:30:00',NULL,3),(569,'2023-06-07','2023-05-18 23:29:04.176662','2023-06-07',-150,'14:00:00',_binary '\0',7,NULL,'16:30:00',NULL,3),(570,'2023-06-14','2023-05-18 23:29:04.186067','2023-06-14',-150,'14:00:00',_binary '\0',7,NULL,'16:30:00',NULL,3),(571,'2023-06-21','2023-05-18 23:29:04.195343','2023-06-21',-150,'14:00:00',_binary '\0',7,NULL,'16:30:00',NULL,3),(572,'2023-06-28','2023-05-18 23:29:04.204690','2023-06-28',-150,'14:00:00',_binary '\0',7,NULL,'16:30:00',NULL,3),(573,'2023-07-05','2023-05-18 23:29:04.213366','2023-07-05',-150,'14:00:00',_binary '\0',7,NULL,'16:30:00',NULL,3),(574,'2023-07-12','2023-05-18 23:29:04.222271','2023-07-12',-150,'14:00:00',_binary '\0',7,NULL,'16:30:00',NULL,3),(575,'2023-07-19','2023-05-18 23:29:04.232160','2023-07-19',-150,'14:00:00',_binary '\0',7,NULL,'16:30:00',NULL,3),(576,'2023-07-26','2023-05-18 23:29:04.241535','2023-07-26',-150,'14:00:00',_binary '\0',7,NULL,'16:30:00',NULL,3),(577,'2023-08-02','2023-05-18 23:29:04.250807','2023-08-02',-150,'14:00:00',_binary '\0',7,NULL,'16:30:00',NULL,3),(578,'2023-08-09','2023-05-18 23:29:04.260081','2023-08-09',-150,'14:00:00',_binary '\0',7,NULL,'16:30:00',NULL,3),(579,'2023-08-16','2023-05-18 23:29:04.267737','2023-08-16',-150,'14:00:00',_binary '\0',7,NULL,'16:30:00',NULL,3),(580,'2023-08-23','2023-05-18 23:29:04.276677','2023-08-23',-150,'14:00:00',_binary '\0',7,NULL,'16:30:00',NULL,3),(581,'2023-08-30','2023-05-18 23:29:04.285823','2023-08-30',-150,'14:00:00',_binary '\0',7,NULL,'16:30:00',NULL,3),(582,'2023-09-06','2023-05-18 23:29:04.294967','2023-09-06',-150,'14:00:00',_binary '\0',7,NULL,'16:30:00',NULL,3),(583,'2023-09-13','2023-05-18 23:29:04.303965','2023-09-13',-150,'14:00:00',_binary '\0',7,NULL,'16:30:00',NULL,3),(584,'2023-09-20','2023-05-18 23:29:04.312270','2023-09-20',-150,'14:00:00',_binary '\0',7,NULL,'16:30:00',NULL,3),(585,'2023-09-27','2023-05-18 23:29:04.321909','2023-09-27',-150,'14:00:00',_binary '\0',7,NULL,'16:30:00',NULL,3),(586,'2023-10-04','2023-05-18 23:29:04.331568','2023-10-04',-150,'14:00:00',_binary '\0',7,NULL,'16:30:00',NULL,3),(587,'2023-10-11','2023-05-18 23:29:04.340633','2023-10-11',-150,'14:00:00',_binary '\0',7,NULL,'16:30:00',NULL,3),(588,'2023-10-18','2023-05-18 23:29:04.349911','2023-10-18',-150,'14:00:00',_binary '\0',7,NULL,'16:30:00',NULL,3),(589,'2023-10-25','2023-05-18 23:29:04.359163','2023-10-25',-150,'14:00:00',_binary '\0',7,NULL,'16:30:00',NULL,3),(590,'2023-11-01','2023-05-18 23:29:04.368876','2023-11-01',-150,'14:00:00',_binary '\0',7,NULL,'16:30:00',NULL,3),(591,'2023-11-08','2023-05-18 23:29:04.377918','2023-11-08',-150,'14:00:00',_binary '\0',7,NULL,'16:30:00',NULL,3),(592,'2023-11-15','2023-05-18 23:29:04.387678','2023-11-15',-150,'14:00:00',_binary '\0',7,NULL,'16:30:00',NULL,3),(593,'2023-11-22','2023-05-18 23:29:04.396666','2023-11-22',-150,'14:00:00',_binary '\0',7,NULL,'16:30:00',NULL,3),(594,'2023-11-29','2023-05-18 23:29:04.405782','2023-11-29',-150,'14:00:00',_binary '\0',7,NULL,'16:30:00',NULL,3),(595,'2023-05-19','2023-05-18 23:29:04.415649','2023-05-19',120,'18:30:00',_binary '\0',7,NULL,'16:30:00',NULL,3),(596,'2023-05-26','2023-05-18 23:29:04.424167','2023-05-26',120,'18:30:00',_binary '\0',7,NULL,'16:30:00',NULL,3),(597,'2023-06-02','2023-05-18 23:29:04.433602','2023-06-02',120,'18:30:00',_binary '\0',7,NULL,'16:30:00',NULL,3),(598,'2023-06-09','2023-05-18 23:29:04.445318','2023-06-09',120,'18:30:00',_binary '\0',7,NULL,'16:30:00',NULL,3),(599,'2023-06-16','2023-05-18 23:29:04.454747','2023-06-16',120,'18:30:00',_binary '\0',7,NULL,'16:30:00',NULL,3),(600,'2023-06-23','2023-05-18 23:29:04.463997','2023-06-23',120,'18:30:00',_binary '\0',7,NULL,'16:30:00',NULL,3),(601,'2023-06-30','2023-05-18 23:29:04.474409','2023-06-30',120,'18:30:00',_binary '\0',7,NULL,'16:30:00',NULL,3),(602,'2023-07-07','2023-05-18 23:29:04.483528','2023-07-07',120,'18:30:00',_binary '\0',7,NULL,'16:30:00',NULL,3),(603,'2023-07-14','2023-05-18 23:29:04.493730','2023-07-14',120,'18:30:00',_binary '\0',7,NULL,'16:30:00',NULL,3),(604,'2023-07-21','2023-05-18 23:29:04.503763','2023-07-21',120,'18:30:00',_binary '\0',7,NULL,'16:30:00',NULL,3),(605,'2023-07-28','2023-05-18 23:29:04.513949','2023-07-28',120,'18:30:00',_binary '\0',7,NULL,'16:30:00',NULL,3),(606,'2023-08-04','2023-05-18 23:29:04.522749','2023-08-04',120,'18:30:00',_binary '\0',7,NULL,'16:30:00',NULL,3),(607,'2023-08-11','2023-05-18 23:29:04.532222','2023-08-11',120,'18:30:00',_binary '\0',7,NULL,'16:30:00',NULL,3),(608,'2023-08-18','2023-05-18 23:29:04.541514','2023-08-18',120,'18:30:00',_binary '\0',7,NULL,'16:30:00',NULL,3),(609,'2023-08-25','2023-05-18 23:29:04.550454','2023-08-25',120,'18:30:00',_binary '\0',7,NULL,'16:30:00',NULL,3),(610,'2023-09-01','2023-05-18 23:29:04.558876','2023-09-01',120,'18:30:00',_binary '\0',7,NULL,'16:30:00',NULL,3),(611,'2023-09-08','2023-05-18 23:29:04.567647','2023-09-08',120,'18:30:00',_binary '\0',7,NULL,'16:30:00',NULL,3),(612,'2023-09-15','2023-05-18 23:29:04.576689','2023-09-15',120,'18:30:00',_binary '\0',7,NULL,'16:30:00',NULL,3),(613,'2023-09-22','2023-05-18 23:29:04.585735','2023-09-22',120,'18:30:00',_binary '\0',7,NULL,'16:30:00',NULL,3),(614,'2023-09-29','2023-05-18 23:29:04.594204','2023-09-29',120,'18:30:00',_binary '\0',7,NULL,'16:30:00',NULL,3),(615,'2023-10-06','2023-05-18 23:29:04.603847','2023-10-06',120,'18:30:00',_binary '\0',7,NULL,'16:30:00',NULL,3),(616,'2023-10-13','2023-05-18 23:29:04.612669','2023-10-13',120,'18:30:00',_binary '\0',7,NULL,'16:30:00',NULL,3),(617,'2023-10-20','2023-05-18 23:29:04.622126','2023-10-20',120,'18:30:00',_binary '\0',7,NULL,'16:30:00',NULL,3),(618,'2023-10-27','2023-05-18 23:29:04.631497','2023-10-27',120,'18:30:00',_binary '\0',7,NULL,'16:30:00',NULL,3),(619,'2023-11-03','2023-05-18 23:29:04.640668','2023-11-03',120,'18:30:00',_binary '\0',7,NULL,'16:30:00',NULL,3),(620,'2023-11-10','2023-05-18 23:29:04.650595','2023-11-10',120,'18:30:00',_binary '\0',7,NULL,'16:30:00',NULL,3),(621,'2023-11-17','2023-05-18 23:29:04.659197','2023-11-17',120,'18:30:00',_binary '\0',7,NULL,'16:30:00',NULL,3),(622,'2023-11-24','2023-05-18 23:29:04.667825','2023-11-24',120,'18:30:00',_binary '\0',7,NULL,'16:30:00',NULL,3),(623,'2023-05-15','2023-05-18 23:48:38.713011','2023-05-15',0,'12:59:00',_binary '\0',8,NULL,'12:59:00',NULL,2),(652,'2023-05-03','2023-05-18 23:52:12.957804','2023-05-03',719,'12:58:00',_binary '\0',9,NULL,'00:59:00',NULL,2),(653,'2023-05-10','2023-05-18 23:52:12.965815','2023-05-10',719,'12:58:00',_binary '\0',9,NULL,'00:59:00',NULL,2),(654,'2023-05-17','2023-05-18 23:52:12.974490','2023-05-17',719,'12:58:00',_binary '\0',9,NULL,'00:59:00',NULL,2),(711,'2023-05-15','2023-05-18 23:56:53.144344','2023-05-15',0,'12:59:00',_binary '\0',11,NULL,'12:59:00',NULL,2),(740,'2023-05-15','2023-05-18 23:57:48.427075','2023-05-15',0,'12:59:00',_binary '\0',12,NULL,'12:59:00',NULL,2),(769,'2023-05-17','2023-05-18 23:58:37.344648','2023-05-17',0,'12:59:00',_binary '\0',13,NULL,'12:59:00',NULL,2),(798,'2023-05-15','2023-05-19 00:13:08.333147','2023-05-15',0,'12:59:00',_binary '\0',8,NULL,'12:59:00',NULL,2),(827,'2023-05-15','2023-05-19 00:15:57.431634','2023-05-15',0,'12:59:00',_binary '\0',8,NULL,'12:59:00',NULL,2),(856,'2023-05-15','2023-05-19 00:19:45.109278','2023-05-15',0,'12:59:00',_binary '\0',8,NULL,'12:59:00',NULL,2),(885,'2023-05-15','2023-05-19 00:19:51.135998','2023-05-15',0,'12:59:00',_binary '\0',8,NULL,'12:59:00',NULL,2),(914,'2023-05-15','2023-05-19 00:20:20.967802','2023-05-15',0,'12:59:00',_binary '\0',12,NULL,'12:59:00',NULL,2),(943,'2023-05-15','2023-05-19 00:20:29.316592','2023-05-15',0,'12:59:00',_binary '\0',12,NULL,'12:59:00',NULL,2),(944,'2023-05-22','2023-05-19 00:20:29.325639','2023-05-22',0,'12:59:00',_binary '\0',12,NULL,'12:59:00',NULL,2),(945,'2023-05-29','2023-05-19 00:20:29.333607','2023-05-29',0,'12:59:00',_binary '\0',12,NULL,'12:59:00',NULL,2),(946,'2023-06-05','2023-05-19 00:20:29.342891','2023-06-05',0,'12:59:00',_binary '\0',12,NULL,'12:59:00',NULL,2),(947,'2023-06-12','2023-05-19 00:20:29.353228','2023-06-12',0,'12:59:00',_binary '\0',12,NULL,'12:59:00',NULL,2),(948,'2023-06-19','2023-05-19 00:20:29.362379','2023-06-19',0,'12:59:00',_binary '\0',12,NULL,'12:59:00',NULL,2),(949,'2023-06-26','2023-05-19 00:20:29.371149','2023-06-26',0,'12:59:00',_binary '\0',12,NULL,'12:59:00',NULL,2),(950,'2023-07-03','2023-05-19 00:20:29.379436','2023-07-03',0,'12:59:00',_binary '\0',12,NULL,'12:59:00',NULL,2),(951,'2023-07-10','2023-05-19 00:20:29.387490','2023-07-10',0,'12:59:00',_binary '\0',12,NULL,'12:59:00',NULL,2),(952,'2023-07-17','2023-05-19 00:20:29.395558','2023-07-17',0,'12:59:00',_binary '\0',12,NULL,'12:59:00',NULL,2),(953,'2023-07-24','2023-05-19 00:20:29.403464','2023-07-24',0,'12:59:00',_binary '\0',12,NULL,'12:59:00',NULL,2),(954,'2023-07-31','2023-05-19 00:20:29.411705','2023-07-31',0,'12:59:00',_binary '\0',12,NULL,'12:59:00',NULL,2),(955,'2023-08-07','2023-05-19 00:20:29.419908','2023-08-07',0,'12:59:00',_binary '\0',12,NULL,'12:59:00',NULL,2),(956,'2023-08-14','2023-05-19 00:20:29.427690','2023-08-14',0,'12:59:00',_binary '\0',12,NULL,'12:59:00',NULL,2),(957,'2023-08-21','2023-05-19 00:20:29.436720','2023-08-21',0,'12:59:00',_binary '\0',12,NULL,'12:59:00',NULL,2),(958,'2023-08-28','2023-05-19 00:20:29.445744','2023-08-28',0,'12:59:00',_binary '\0',12,NULL,'12:59:00',NULL,2),(959,'2023-09-04','2023-05-19 00:20:29.455005','2023-09-04',0,'12:59:00',_binary '\0',12,NULL,'12:59:00',NULL,2),(960,'2023-09-11','2023-05-19 00:20:29.464210','2023-09-11',0,'12:59:00',_binary '\0',12,NULL,'12:59:00',NULL,2),(961,'2023-09-18','2023-05-19 00:20:29.473789','2023-09-18',0,'12:59:00',_binary '\0',12,NULL,'12:59:00',NULL,2),(962,'2023-09-25','2023-05-19 00:20:29.482711','2023-09-25',0,'12:59:00',_binary '\0',12,NULL,'12:59:00',NULL,2),(963,'2023-10-02','2023-05-19 00:20:29.492483','2023-10-02',0,'12:59:00',_binary '\0',12,NULL,'12:59:00',NULL,2),(964,'2023-10-09','2023-05-19 00:20:29.501398','2023-10-09',0,'12:59:00',_binary '\0',12,NULL,'12:59:00',NULL,2),(965,'2023-10-16','2023-05-19 00:20:29.510600','2023-10-16',0,'12:59:00',_binary '\0',12,NULL,'12:59:00',NULL,2),(966,'2023-10-23','2023-05-19 00:20:29.519125','2023-10-23',0,'12:59:00',_binary '\0',12,NULL,'12:59:00',NULL,2),(967,'2023-10-30','2023-05-19 00:20:29.527489','2023-10-30',0,'12:59:00',_binary '\0',12,NULL,'12:59:00',NULL,2),(968,'2023-11-06','2023-05-19 00:20:29.536800','2023-11-06',0,'12:59:00',_binary '\0',12,NULL,'12:59:00',NULL,2),(969,'2023-11-13','2023-05-19 00:20:29.545540','2023-11-13',0,'12:59:00',_binary '\0',12,NULL,'12:59:00',NULL,2),(970,'2023-11-20','2023-05-19 00:20:29.553957','2023-11-20',0,'12:59:00',_binary '\0',12,NULL,'12:59:00',NULL,2),(971,'2023-11-27','2023-05-19 00:20:29.563502','2023-11-27',0,'12:59:00',_binary '\0',12,NULL,'12:59:00',NULL,2),(972,'2023-05-19','2023-05-19 00:24:10.614040','2023-05-19',300,'18:00:00',_binary '',14,NULL,'13:00:00',NULL,1),(973,'2023-05-26','2023-05-19 00:24:10.636003','2023-05-26',300,'18:00:00',_binary '\0',14,NULL,'13:00:00',NULL,1),(974,'2023-06-02','2023-05-19 00:24:10.647555','2023-06-02',300,'18:00:00',_binary '\0',14,NULL,'13:00:00',NULL,1),(975,'2023-06-09','2023-05-19 00:24:10.660214','2023-06-09',300,'18:00:00',_binary '\0',14,NULL,'13:00:00',NULL,1),(976,'2023-06-16','2023-05-19 00:24:10.671021','2023-06-16',300,'18:00:00',_binary '\0',14,NULL,'13:00:00',NULL,1),(977,'2023-06-23','2023-05-19 00:24:10.681540','2023-06-23',300,'18:00:00',_binary '\0',14,NULL,'13:00:00',NULL,1),(978,'2023-06-30','2023-05-19 00:24:10.695267','2023-06-30',300,'18:00:00',_binary '\0',14,NULL,'13:00:00',NULL,1),(979,'2023-07-07','2023-05-19 00:24:10.705695','2023-07-07',300,'18:00:00',_binary '\0',14,NULL,'13:00:00',NULL,1),(980,'2023-07-14','2023-05-19 00:24:10.715181','2023-07-14',300,'18:00:00',_binary '\0',14,NULL,'13:00:00',NULL,1),(981,'2023-07-21','2023-05-19 00:24:10.726330','2023-07-21',300,'18:00:00',_binary '\0',14,NULL,'13:00:00',NULL,1),(982,'2023-07-28','2023-05-19 00:24:10.737805','2023-07-28',300,'18:00:00',_binary '\0',14,NULL,'13:00:00',NULL,1),(983,'2023-08-04','2023-05-19 00:24:10.747491','2023-08-04',300,'18:00:00',_binary '\0',14,NULL,'13:00:00',NULL,1),(984,'2023-08-11','2023-05-19 00:24:10.758918','2023-08-11',300,'18:00:00',_binary '\0',14,NULL,'13:00:00',NULL,1),(985,'2023-08-18','2023-05-19 00:24:10.768991','2023-08-18',300,'18:00:00',_binary '\0',14,NULL,'13:00:00',NULL,1),(986,'2023-08-25','2023-05-19 00:24:10.778268','2023-08-25',300,'18:00:00',_binary '\0',14,NULL,'13:00:00',NULL,1),(987,'2023-09-01','2023-05-19 00:24:10.788412','2023-09-01',300,'18:00:00',_binary '\0',14,NULL,'13:00:00',NULL,1),(988,'2023-09-08','2023-05-19 00:24:10.798968','2023-09-08',300,'18:00:00',_binary '\0',14,NULL,'13:00:00',NULL,1),(989,'2023-09-15','2023-05-19 00:24:10.808316','2023-09-15',300,'18:00:00',_binary '\0',14,NULL,'13:00:00',NULL,1),(990,'2023-09-22','2023-05-19 00:24:10.818210','2023-09-22',300,'18:00:00',_binary '\0',14,NULL,'13:00:00',NULL,1),(991,'2023-09-29','2023-05-19 00:24:10.827936','2023-09-29',300,'18:00:00',_binary '\0',14,NULL,'13:00:00',NULL,1),(992,'2023-10-06','2023-05-19 00:24:10.839673','2023-10-06',300,'18:00:00',_binary '\0',14,NULL,'13:00:00',NULL,1),(993,'2023-10-13','2023-05-19 00:24:10.851817','2023-10-13',300,'18:00:00',_binary '\0',14,NULL,'13:00:00',NULL,1),(994,'2023-10-20','2023-05-19 00:24:10.862287','2023-10-20',300,'18:00:00',_binary '\0',14,NULL,'13:00:00',NULL,1),(995,'2023-10-27','2023-05-19 00:24:10.873059','2023-10-27',300,'18:00:00',_binary '\0',14,NULL,'13:00:00',NULL,1),(996,'2023-11-03','2023-05-19 00:24:10.883843','2023-11-03',300,'18:00:00',_binary '\0',14,NULL,'13:00:00',NULL,1),(997,'2023-11-10','2023-05-19 00:24:10.894354','2023-11-10',300,'18:00:00',_binary '\0',14,NULL,'13:00:00',NULL,1),(998,'2023-11-17','2023-05-19 00:24:10.904100','2023-11-17',300,'18:00:00',_binary '\0',14,NULL,'13:00:00',NULL,1),(999,'2023-11-24','2023-05-19 00:24:10.914355','2023-11-24',300,'18:00:00',_binary '\0',14,NULL,'13:00:00',NULL,1),(1000,'2023-05-19','2023-05-19 00:25:52.104940','2023-05-19',180,'22:00:00',_binary '\0',15,NULL,'19:00:00',NULL,1),(1001,'2023-05-26','2023-05-19 00:25:52.114250','2023-05-26',180,'22:00:00',_binary '\0',15,NULL,'19:00:00',NULL,1),(1002,'2023-06-02','2023-05-19 00:25:52.122901','2023-06-02',180,'22:00:00',_binary '\0',15,NULL,'19:00:00',NULL,1),(1003,'2023-06-09','2023-05-19 00:25:52.131298','2023-06-09',180,'22:00:00',_binary '\0',15,NULL,'19:00:00',NULL,1),(1004,'2023-06-16','2023-05-19 00:25:52.140408','2023-06-16',180,'22:00:00',_binary '\0',15,NULL,'19:00:00',NULL,1),(1005,'2023-06-23','2023-05-19 00:25:52.149257','2023-06-23',180,'22:00:00',_binary '\0',15,NULL,'19:00:00',NULL,1),(1006,'2023-06-30','2023-05-19 00:25:52.157995','2023-06-30',180,'22:00:00',_binary '\0',15,NULL,'19:00:00',NULL,1),(1007,'2023-07-07','2023-05-19 00:25:52.167521','2023-07-07',180,'22:00:00',_binary '\0',15,NULL,'19:00:00',NULL,1),(1008,'2023-07-14','2023-05-19 00:25:52.177497','2023-07-14',180,'22:00:00',_binary '\0',15,NULL,'19:00:00',NULL,1),(1009,'2023-07-21','2023-05-19 00:25:52.186551','2023-07-21',180,'22:00:00',_binary '\0',15,NULL,'19:00:00',NULL,1),(1010,'2023-07-28','2023-05-19 00:25:52.195386','2023-07-28',180,'22:00:00',_binary '\0',15,NULL,'19:00:00',NULL,1),(1011,'2023-08-04','2023-05-19 00:25:52.204485','2023-08-04',180,'22:00:00',_binary '\0',15,NULL,'19:00:00',NULL,1),(1012,'2023-08-11','2023-05-19 00:25:52.214296','2023-08-11',180,'22:00:00',_binary '\0',15,NULL,'19:00:00',NULL,1),(1013,'2023-08-18','2023-05-19 00:25:52.223741','2023-08-18',180,'22:00:00',_binary '\0',15,NULL,'19:00:00',NULL,1),(1014,'2023-08-25','2023-05-19 00:25:52.233687','2023-08-25',180,'22:00:00',_binary '\0',15,NULL,'19:00:00',NULL,1),(1015,'2023-09-01','2023-05-19 00:25:52.243570','2023-09-01',180,'22:00:00',_binary '\0',15,NULL,'19:00:00',NULL,1),(1016,'2023-09-08','2023-05-19 00:25:52.253172','2023-09-08',180,'22:00:00',_binary '\0',15,NULL,'19:00:00',NULL,1),(1017,'2023-09-15','2023-05-19 00:25:52.262314','2023-09-15',180,'22:00:00',_binary '\0',15,NULL,'19:00:00',NULL,1),(1018,'2023-09-22','2023-05-19 00:25:52.271749','2023-09-22',180,'22:00:00',_binary '\0',15,NULL,'19:00:00',NULL,1),(1019,'2023-09-29','2023-05-19 00:25:52.280468','2023-09-29',180,'22:00:00',_binary '\0',15,NULL,'19:00:00',NULL,1),(1020,'2023-10-06','2023-05-19 00:25:52.289093','2023-10-06',180,'22:00:00',_binary '\0',15,NULL,'19:00:00',NULL,1),(1021,'2023-10-13','2023-05-19 00:25:52.298039','2023-10-13',180,'22:00:00',_binary '\0',15,NULL,'19:00:00',NULL,1),(1022,'2023-10-20','2023-05-19 00:25:52.307488','2023-10-20',180,'22:00:00',_binary '\0',15,NULL,'19:00:00',NULL,1),(1023,'2023-10-27','2023-05-19 00:25:52.316027','2023-10-27',180,'22:00:00',_binary '\0',15,NULL,'19:00:00',NULL,1),(1024,'2023-11-03','2023-05-19 00:25:52.331668','2023-11-03',180,'22:00:00',_binary '\0',15,NULL,'19:00:00',NULL,1),(1025,'2023-11-10','2023-05-19 00:25:52.341678','2023-11-10',180,'22:00:00',_binary '\0',15,NULL,'19:00:00',NULL,1),(1026,'2023-11-17','2023-05-19 00:25:52.350808','2023-11-17',180,'22:00:00',_binary '\0',15,NULL,'19:00:00',NULL,1),(1027,'2023-11-24','2023-05-19 00:25:52.360346','2023-11-24',180,'22:00:00',_binary '\0',15,NULL,'19:00:00',NULL,1),(1028,'2023-05-19','2023-05-19 01:02:41.115632','2023-05-19',210,'05:00:00',_binary '\0',16,NULL,'01:30:00',NULL,2),(1029,'2023-05-26','2023-05-19 01:02:41.137166','2023-05-26',210,'05:00:00',_binary '\0',16,NULL,'01:30:00',NULL,2),(1030,'2023-06-02','2023-05-19 01:02:41.147554','2023-06-02',210,'05:00:00',_binary '\0',16,NULL,'01:30:00',NULL,2),(1031,'2023-06-09','2023-05-19 01:02:41.157677','2023-06-09',210,'05:00:00',_binary '\0',16,NULL,'01:30:00',NULL,2),(1032,'2023-06-16','2023-05-19 01:02:41.168236','2023-06-16',210,'05:00:00',_binary '\0',16,NULL,'01:30:00',NULL,2),(1033,'2023-06-23','2023-05-19 01:02:41.177588','2023-06-23',210,'05:00:00',_binary '\0',16,NULL,'01:30:00',NULL,2),(1034,'2023-06-30','2023-05-19 01:02:41.187013','2023-06-30',210,'05:00:00',_binary '\0',16,NULL,'01:30:00',NULL,2),(1035,'2023-07-07','2023-05-19 01:02:41.196863','2023-07-07',210,'05:00:00',_binary '\0',16,NULL,'01:30:00',NULL,2),(1036,'2023-07-14','2023-05-19 01:02:41.205913','2023-07-14',210,'05:00:00',_binary '\0',16,NULL,'01:30:00',NULL,2),(1037,'2023-07-21','2023-05-19 01:02:41.215144','2023-07-21',210,'05:00:00',_binary '\0',16,NULL,'01:30:00',NULL,2),(1038,'2023-07-28','2023-05-19 01:02:41.224539','2023-07-28',210,'05:00:00',_binary '\0',16,NULL,'01:30:00',NULL,2),(1039,'2023-08-04','2023-05-19 01:02:41.235431','2023-08-04',210,'05:00:00',_binary '\0',16,NULL,'01:30:00',NULL,2),(1040,'2023-08-11','2023-05-19 01:02:41.245720','2023-08-11',210,'05:00:00',_binary '\0',16,NULL,'01:30:00',NULL,2),(1041,'2023-08-18','2023-05-19 01:02:41.254812','2023-08-18',210,'05:00:00',_binary '\0',16,NULL,'01:30:00',NULL,2),(1042,'2023-08-25','2023-05-19 01:02:41.265226','2023-08-25',210,'05:00:00',_binary '\0',16,NULL,'01:30:00',NULL,2),(1043,'2023-09-01','2023-05-19 01:02:41.273966','2023-09-01',210,'05:00:00',_binary '\0',16,NULL,'01:30:00',NULL,2),(1044,'2023-09-08','2023-05-19 01:02:41.284207','2023-09-08',210,'05:00:00',_binary '\0',16,NULL,'01:30:00',NULL,2),(1045,'2023-09-15','2023-05-19 01:02:41.294004','2023-09-15',210,'05:00:00',_binary '\0',16,NULL,'01:30:00',NULL,2),(1046,'2023-09-22','2023-05-19 01:02:41.302954','2023-09-22',210,'05:00:00',_binary '\0',16,NULL,'01:30:00',NULL,2),(1047,'2023-09-29','2023-05-19 01:02:41.313454','2023-09-29',210,'05:00:00',_binary '\0',16,NULL,'01:30:00',NULL,2),(1048,'2023-10-06','2023-05-19 01:02:41.323174','2023-10-06',210,'05:00:00',_binary '\0',16,NULL,'01:30:00',NULL,2),(1049,'2023-10-13','2023-05-19 01:02:41.334235','2023-10-13',210,'05:00:00',_binary '\0',16,NULL,'01:30:00',NULL,2),(1050,'2023-10-20','2023-05-19 01:02:41.344839','2023-10-20',210,'05:00:00',_binary '\0',16,NULL,'01:30:00',NULL,2),(1051,'2023-10-27','2023-05-19 01:02:41.354006','2023-10-27',210,'05:00:00',_binary '\0',16,NULL,'01:30:00',NULL,2),(1052,'2023-11-03','2023-05-19 01:02:41.365352','2023-11-03',210,'05:00:00',_binary '\0',16,NULL,'01:30:00',NULL,2),(1053,'2023-11-10','2023-05-19 01:02:41.378249','2023-11-10',210,'05:00:00',_binary '\0',16,NULL,'01:30:00',NULL,2),(1054,'2023-11-17','2023-05-19 01:02:41.387197','2023-11-17',210,'05:00:00',_binary '\0',16,NULL,'01:30:00',NULL,2),(1055,'2023-11-24','2023-05-19 01:02:41.395973','2023-11-24',210,'05:00:00',_binary '\0',16,NULL,'01:30:00',NULL,2),(1056,'2023-05-19','2023-05-19 01:21:29.188391','2023-05-19',30,'01:30:00',_binary '\0',17,NULL,'01:00:00',NULL,2),(1057,'2023-05-26','2023-05-19 01:21:29.206895','2023-05-26',30,'01:30:00',_binary '\0',17,NULL,'01:00:00',NULL,2),(1058,'2023-06-02','2023-05-19 01:21:29.217331','2023-06-02',30,'01:30:00',_binary '\0',17,NULL,'01:00:00',NULL,2),(1059,'2023-06-09','2023-05-19 01:21:29.227418','2023-06-09',30,'01:30:00',_binary '\0',17,NULL,'01:00:00',NULL,2),(1060,'2023-06-16','2023-05-19 01:21:29.242623','2023-06-16',30,'01:30:00',_binary '\0',17,NULL,'01:00:00',NULL,2),(1061,'2023-06-23','2023-05-19 01:21:29.251396','2023-06-23',30,'01:30:00',_binary '\0',17,NULL,'01:00:00',NULL,2),(1062,'2023-06-30','2023-05-19 01:21:29.261690','2023-06-30',30,'01:30:00',_binary '\0',17,NULL,'01:00:00',NULL,2),(1063,'2023-07-07','2023-05-19 01:21:29.270478','2023-07-07',30,'01:30:00',_binary '\0',17,NULL,'01:00:00',NULL,2),(1064,'2023-07-14','2023-05-19 01:21:29.279550','2023-07-14',30,'01:30:00',_binary '\0',17,NULL,'01:00:00',NULL,2),(1065,'2023-07-21','2023-05-19 01:21:29.288665','2023-07-21',30,'01:30:00',_binary '\0',17,NULL,'01:00:00',NULL,2),(1066,'2023-07-28','2023-05-19 01:21:29.298135','2023-07-28',30,'01:30:00',_binary '\0',17,NULL,'01:00:00',NULL,2),(1067,'2023-08-04','2023-05-19 01:21:29.307503','2023-08-04',30,'01:30:00',_binary '\0',17,NULL,'01:00:00',NULL,2),(1068,'2023-08-11','2023-05-19 01:21:29.318123','2023-08-11',30,'01:30:00',_binary '\0',17,NULL,'01:00:00',NULL,2),(1069,'2023-08-18','2023-05-19 01:21:29.326670','2023-08-18',30,'01:30:00',_binary '\0',17,NULL,'01:00:00',NULL,2),(1070,'2023-08-25','2023-05-19 01:21:29.336501','2023-08-25',30,'01:30:00',_binary '\0',17,NULL,'01:00:00',NULL,2),(1071,'2023-09-01','2023-05-19 01:21:29.345589','2023-09-01',30,'01:30:00',_binary '\0',17,NULL,'01:00:00',NULL,2),(1072,'2023-09-08','2023-05-19 01:21:29.355357','2023-09-08',30,'01:30:00',_binary '\0',17,NULL,'01:00:00',NULL,2),(1073,'2023-09-15','2023-05-19 01:21:29.366639','2023-09-15',30,'01:30:00',_binary '\0',17,NULL,'01:00:00',NULL,2),(1074,'2023-09-22','2023-05-19 01:21:29.376231','2023-09-22',30,'01:30:00',_binary '\0',17,NULL,'01:00:00',NULL,2),(1075,'2023-09-29','2023-05-19 01:21:29.385791','2023-09-29',30,'01:30:00',_binary '\0',17,NULL,'01:00:00',NULL,2),(1076,'2023-10-06','2023-05-19 01:21:29.396308','2023-10-06',30,'01:30:00',_binary '\0',17,NULL,'01:00:00',NULL,2),(1077,'2023-10-13','2023-05-19 01:21:29.406339','2023-10-13',30,'01:30:00',_binary '\0',17,NULL,'01:00:00',NULL,2),(1078,'2023-10-20','2023-05-19 01:21:29.416275','2023-10-20',30,'01:30:00',_binary '\0',17,NULL,'01:00:00',NULL,2),(1079,'2023-10-27','2023-05-19 01:21:29.428765','2023-10-27',30,'01:30:00',_binary '\0',17,NULL,'01:00:00',NULL,2),(1080,'2023-11-03','2023-05-19 01:21:29.438262','2023-11-03',30,'01:30:00',_binary '\0',17,NULL,'01:00:00',NULL,2),(1081,'2023-11-10','2023-05-19 01:21:29.449279','2023-11-10',30,'01:30:00',_binary '\0',17,NULL,'01:00:00',NULL,2),(1082,'2023-11-17','2023-05-19 01:21:29.459427','2023-11-17',30,'01:30:00',_binary '\0',17,NULL,'01:00:00',NULL,2),(1083,'2023-11-24','2023-05-19 01:21:29.469725','2023-11-24',30,'01:30:00',_binary '\0',17,NULL,'01:00:00',NULL,2),(1084,'2023-05-19','2023-05-19 01:22:14.819906','2023-05-19',120,'05:00:00',_binary '\0',18,NULL,'03:00:00',NULL,2),(1085,'2023-05-26','2023-05-19 01:22:14.834563','2023-05-26',120,'05:00:00',_binary '\0',18,NULL,'03:00:00',NULL,2),(1086,'2023-06-02','2023-05-19 01:22:14.844203','2023-06-02',120,'05:00:00',_binary '\0',18,NULL,'03:00:00',NULL,2),(1087,'2023-06-09','2023-05-19 01:22:14.851853','2023-06-09',120,'05:00:00',_binary '\0',18,NULL,'03:00:00',NULL,2),(1088,'2023-06-16','2023-05-19 01:22:14.859971','2023-06-16',120,'05:00:00',_binary '\0',18,NULL,'03:00:00',NULL,2),(1089,'2023-06-23','2023-05-19 01:22:14.868639','2023-06-23',120,'05:00:00',_binary '\0',18,NULL,'03:00:00',NULL,2),(1090,'2023-06-30','2023-05-19 01:22:14.877375','2023-06-30',120,'05:00:00',_binary '\0',18,NULL,'03:00:00',NULL,2),(1091,'2023-07-07','2023-05-19 01:22:14.885927','2023-07-07',120,'05:00:00',_binary '\0',18,NULL,'03:00:00',NULL,2),(1092,'2023-07-14','2023-05-19 01:22:14.894349','2023-07-14',120,'05:00:00',_binary '\0',18,NULL,'03:00:00',NULL,2),(1093,'2023-07-21','2023-05-19 01:22:14.906244','2023-07-21',120,'05:00:00',_binary '\0',18,NULL,'03:00:00',NULL,2),(1094,'2023-07-28','2023-05-19 01:22:14.916845','2023-07-28',120,'05:00:00',_binary '\0',18,NULL,'03:00:00',NULL,2),(1095,'2023-08-04','2023-05-19 01:22:14.927317','2023-08-04',120,'05:00:00',_binary '\0',18,NULL,'03:00:00',NULL,2),(1096,'2023-08-11','2023-05-19 01:22:14.936248','2023-08-11',120,'05:00:00',_binary '\0',18,NULL,'03:00:00',NULL,2),(1097,'2023-08-18','2023-05-19 01:22:14.943964','2023-08-18',120,'05:00:00',_binary '\0',18,NULL,'03:00:00',NULL,2),(1098,'2023-08-25','2023-05-19 01:22:14.952282','2023-08-25',120,'05:00:00',_binary '\0',18,NULL,'03:00:00',NULL,2),(1099,'2023-09-01','2023-05-19 01:22:14.959350','2023-09-01',120,'05:00:00',_binary '\0',18,NULL,'03:00:00',NULL,2),(1100,'2023-09-08','2023-05-19 01:22:14.968033','2023-09-08',120,'05:00:00',_binary '\0',18,NULL,'03:00:00',NULL,2),(1101,'2023-09-15','2023-05-19 01:22:14.976930','2023-09-15',120,'05:00:00',_binary '\0',18,NULL,'03:00:00',NULL,2),(1102,'2023-09-22','2023-05-19 01:22:14.985888','2023-09-22',120,'05:00:00',_binary '\0',18,NULL,'03:00:00',NULL,2),(1103,'2023-09-29','2023-05-19 01:22:14.994413','2023-09-29',120,'05:00:00',_binary '\0',18,NULL,'03:00:00',NULL,2),(1104,'2023-10-06','2023-05-19 01:22:15.005052','2023-10-06',120,'05:00:00',_binary '\0',18,NULL,'03:00:00',NULL,2),(1105,'2023-10-13','2023-05-19 01:22:15.014477','2023-10-13',120,'05:00:00',_binary '\0',18,NULL,'03:00:00',NULL,2),(1106,'2023-10-20','2023-05-19 01:22:15.023419','2023-10-20',120,'05:00:00',_binary '\0',18,NULL,'03:00:00',NULL,2),(1107,'2023-10-27','2023-05-19 01:22:15.032829','2023-10-27',120,'05:00:00',_binary '\0',18,NULL,'03:00:00',NULL,2),(1108,'2023-11-03','2023-05-19 01:22:15.041687','2023-11-03',120,'05:00:00',_binary '\0',18,NULL,'03:00:00',NULL,2),(1109,'2023-11-10','2023-05-19 01:22:15.050092','2023-11-10',120,'05:00:00',_binary '\0',18,NULL,'03:00:00',NULL,2),(1110,'2023-11-17','2023-05-19 01:22:15.058064','2023-11-17',120,'05:00:00',_binary '\0',18,NULL,'03:00:00',NULL,2),(1111,'2023-11-24','2023-05-19 01:22:15.066289','2023-11-24',120,'05:00:00',_binary '\0',18,NULL,'03:00:00',NULL,2),(1112,'2023-06-05','2023-05-19 09:38:08.317281','2023-06-05',60,'11:30:00',_binary '\0',19,NULL,'10:30:00',NULL,1),(1113,'2023-06-12','2023-05-19 09:38:08.337554','2023-06-12',60,'11:30:00',_binary '\0',19,NULL,'10:30:00',NULL,1),(1114,'2023-06-19','2023-05-19 09:38:08.350257','2023-06-19',60,'11:30:00',_binary '\0',19,NULL,'10:30:00',NULL,1),(1115,'2023-06-26','2023-05-19 09:38:08.360736','2023-06-26',60,'11:30:00',_binary '\0',19,NULL,'10:30:00',NULL,1),(1116,'2023-07-03','2023-05-19 09:38:08.375987','2023-07-03',60,'11:30:00',_binary '\0',19,NULL,'10:30:00',NULL,1),(1117,'2023-07-10','2023-05-19 09:38:08.387344','2023-07-10',60,'11:30:00',_binary '\0',19,NULL,'10:30:00',NULL,1),(1118,'2023-07-17','2023-05-19 09:38:08.398820','2023-07-17',60,'11:30:00',_binary '\0',19,NULL,'10:30:00',NULL,1),(1119,'2023-07-24','2023-05-19 09:38:08.414669','2023-07-24',60,'11:30:00',_binary '\0',19,NULL,'10:30:00',NULL,1),(1120,'2023-07-31','2023-05-19 09:38:08.427556','2023-07-31',60,'11:30:00',_binary '\0',19,NULL,'10:30:00',NULL,1),(1121,'2023-08-07','2023-05-19 09:38:08.439242','2023-08-07',60,'11:30:00',_binary '\0',19,NULL,'10:30:00',NULL,1),(1122,'2023-08-14','2023-05-19 09:38:08.450855','2023-08-14',60,'11:30:00',_binary '\0',19,NULL,'10:30:00',NULL,1),(1123,'2023-08-21','2023-05-19 09:38:08.463084','2023-08-21',60,'11:30:00',_binary '\0',19,NULL,'10:30:00',NULL,1),(1124,'2023-08-28','2023-05-19 09:38:08.474459','2023-08-28',60,'11:30:00',_binary '\0',19,NULL,'10:30:00',NULL,1),(1125,'2023-09-04','2023-05-19 09:38:08.485555','2023-09-04',60,'11:30:00',_binary '\0',19,NULL,'10:30:00',NULL,1),(1126,'2023-09-11','2023-05-19 09:38:08.497011','2023-09-11',60,'11:30:00',_binary '\0',19,NULL,'10:30:00',NULL,1),(1127,'2023-09-18','2023-05-19 09:38:08.508733','2023-09-18',60,'11:30:00',_binary '\0',19,NULL,'10:30:00',NULL,1),(1128,'2023-09-25','2023-05-19 09:38:08.520147','2023-09-25',60,'11:30:00',_binary '\0',19,NULL,'10:30:00',NULL,1),(1129,'2023-10-02','2023-05-19 09:38:08.535422','2023-10-02',60,'11:30:00',_binary '\0',19,NULL,'10:30:00',NULL,1),(1130,'2023-10-09','2023-05-19 09:38:08.547450','2023-10-09',60,'11:30:00',_binary '\0',19,NULL,'10:30:00',NULL,1),(1131,'2023-10-16','2023-05-19 09:38:08.559333','2023-10-16',60,'11:30:00',_binary '\0',19,NULL,'10:30:00',NULL,1),(1132,'2023-10-23','2023-05-19 09:38:08.571876','2023-10-23',60,'11:30:00',_binary '\0',19,NULL,'10:30:00',NULL,1),(1133,'2023-10-30','2023-05-19 09:38:08.584189','2023-10-30',60,'11:30:00',_binary '\0',19,NULL,'10:30:00',NULL,1),(1134,'2023-11-06','2023-05-19 09:38:08.594803','2023-11-06',60,'11:30:00',_binary '\0',19,NULL,'10:30:00',NULL,1),(1135,'2023-11-13','2023-05-19 09:38:08.605107','2023-11-13',60,'11:30:00',_binary '\0',19,NULL,'10:30:00',NULL,1),(1136,'2023-11-20','2023-05-19 09:38:08.617199','2023-11-20',60,'11:30:00',_binary '\0',19,NULL,'10:30:00',NULL,1),(1137,'2023-11-27','2023-05-19 09:38:08.628432','2023-11-27',60,'11:30:00',_binary '\0',19,NULL,'10:30:00',NULL,1),(1138,'2023-06-07','2023-05-19 09:38:08.639744','2023-06-07',60,'11:30:00',_binary '\0',19,NULL,'10:30:00',NULL,1),(1139,'2023-06-14','2023-05-19 09:38:08.651473','2023-06-14',60,'11:30:00',_binary '\0',19,NULL,'10:30:00',NULL,1),(1140,'2023-06-21','2023-05-19 09:38:08.663706','2023-06-21',60,'11:30:00',_binary '\0',19,NULL,'10:30:00',NULL,1),(1141,'2023-06-28','2023-05-19 09:38:08.675181','2023-06-28',60,'11:30:00',_binary '\0',19,NULL,'10:30:00',NULL,1),(1142,'2023-07-05','2023-05-19 09:38:08.686767','2023-07-05',60,'11:30:00',_binary '\0',19,NULL,'10:30:00',NULL,1),(1143,'2023-07-12','2023-05-19 09:38:08.697627','2023-07-12',60,'11:30:00',_binary '\0',19,NULL,'10:30:00',NULL,1),(1144,'2023-07-19','2023-05-19 09:38:08.710103','2023-07-19',60,'11:30:00',_binary '\0',19,NULL,'10:30:00',NULL,1),(1145,'2023-07-26','2023-05-19 09:38:08.720583','2023-07-26',60,'11:30:00',_binary '\0',19,NULL,'10:30:00',NULL,1),(1146,'2023-08-02','2023-05-19 09:38:08.731710','2023-08-02',60,'11:30:00',_binary '\0',19,NULL,'10:30:00',NULL,1),(1147,'2023-08-09','2023-05-19 09:38:08.744427','2023-08-09',60,'11:30:00',_binary '\0',19,NULL,'10:30:00',NULL,1),(1148,'2023-08-16','2023-05-19 09:38:08.755012','2023-08-16',60,'11:30:00',_binary '\0',19,NULL,'10:30:00',NULL,1),(1149,'2023-08-23','2023-05-19 09:38:08.766616','2023-08-23',60,'11:30:00',_binary '\0',19,NULL,'10:30:00',NULL,1),(1150,'2023-08-30','2023-05-19 09:38:08.777326','2023-08-30',60,'11:30:00',_binary '\0',19,NULL,'10:30:00',NULL,1),(1151,'2023-09-06','2023-05-19 09:38:08.787817','2023-09-06',60,'11:30:00',_binary '\0',19,NULL,'10:30:00',NULL,1),(1152,'2023-09-13','2023-05-19 09:38:08.798737','2023-09-13',60,'11:30:00',_binary '\0',19,NULL,'10:30:00',NULL,1),(1153,'2023-09-20','2023-05-19 09:38:08.810018','2023-09-20',60,'11:30:00',_binary '\0',19,NULL,'10:30:00',NULL,1),(1154,'2023-09-27','2023-05-19 09:38:08.821089','2023-09-27',60,'11:30:00',_binary '\0',19,NULL,'10:30:00',NULL,1),(1155,'2023-10-04','2023-05-19 09:38:08.832669','2023-10-04',60,'11:30:00',_binary '\0',19,NULL,'10:30:00',NULL,1),(1156,'2023-10-11','2023-05-19 09:38:08.843741','2023-10-11',60,'11:30:00',_binary '\0',19,NULL,'10:30:00',NULL,1),(1157,'2023-10-18','2023-05-19 09:38:08.855790','2023-10-18',60,'11:30:00',_binary '\0',19,NULL,'10:30:00',NULL,1),(1158,'2023-10-25','2023-05-19 09:38:08.867161','2023-10-25',60,'11:30:00',_binary '\0',19,NULL,'10:30:00',NULL,1),(1159,'2023-11-01','2023-05-19 09:38:08.878233','2023-11-01',60,'11:30:00',_binary '\0',19,NULL,'10:30:00',NULL,1),(1160,'2023-11-08','2023-05-19 09:38:08.889775','2023-11-08',60,'11:30:00',_binary '\0',19,NULL,'10:30:00',NULL,1),(1161,'2023-11-15','2023-05-19 09:38:08.903897','2023-11-15',60,'11:30:00',_binary '\0',19,NULL,'10:30:00',NULL,1),(1162,'2023-11-22','2023-05-19 09:38:08.916085','2023-11-22',60,'11:30:00',_binary '\0',19,NULL,'10:30:00',NULL,1),(1163,'2023-11-29','2023-05-19 09:38:08.927187','2023-11-29',60,'11:30:00',_binary '\0',19,NULL,'10:30:00',NULL,1),(1164,'2023-06-09','2023-05-19 09:38:08.939498','2023-06-09',60,'11:30:00',_binary '\0',19,NULL,'10:30:00',NULL,1),(1165,'2023-06-16','2023-05-19 09:38:08.951207','2023-06-16',60,'11:30:00',_binary '\0',19,NULL,'10:30:00',NULL,1),(1166,'2023-06-23','2023-05-19 09:38:08.961734','2023-06-23',60,'11:30:00',_binary '\0',19,NULL,'10:30:00',NULL,1),(1167,'2023-06-30','2023-05-19 09:38:08.972166','2023-06-30',60,'11:30:00',_binary '\0',19,NULL,'10:30:00',NULL,1),(1168,'2023-07-07','2023-05-19 09:38:08.982673','2023-07-07',60,'11:30:00',_binary '\0',19,NULL,'10:30:00',NULL,1),(1169,'2023-07-14','2023-05-19 09:38:08.993469','2023-07-14',60,'11:30:00',_binary '\0',19,NULL,'10:30:00',NULL,1),(1170,'2023-07-21','2023-05-19 09:38:09.004026','2023-07-21',60,'11:30:00',_binary '\0',19,NULL,'10:30:00',NULL,1),(1171,'2023-07-28','2023-05-19 09:38:09.013761','2023-07-28',60,'11:30:00',_binary '\0',19,NULL,'10:30:00',NULL,1),(1172,'2023-08-04','2023-05-19 09:38:09.023389','2023-08-04',60,'11:30:00',_binary '\0',19,NULL,'10:30:00',NULL,1),(1173,'2023-08-11','2023-05-19 09:38:09.034967','2023-08-11',60,'11:30:00',_binary '\0',19,NULL,'10:30:00',NULL,1),(1174,'2023-08-18','2023-05-19 09:38:09.045028','2023-08-18',60,'11:30:00',_binary '\0',19,NULL,'10:30:00',NULL,1),(1175,'2023-08-25','2023-05-19 09:38:09.055751','2023-08-25',60,'11:30:00',_binary '\0',19,NULL,'10:30:00',NULL,1),(1176,'2023-09-01','2023-05-19 09:38:09.066034','2023-09-01',60,'11:30:00',_binary '\0',19,NULL,'10:30:00',NULL,1),(1177,'2023-09-08','2023-05-19 09:38:09.075792','2023-09-08',60,'11:30:00',_binary '\0',19,NULL,'10:30:00',NULL,1),(1178,'2023-09-15','2023-05-19 09:38:09.087575','2023-09-15',60,'11:30:00',_binary '\0',19,NULL,'10:30:00',NULL,1),(1179,'2023-09-22','2023-05-19 09:38:09.099147','2023-09-22',60,'11:30:00',_binary '\0',19,NULL,'10:30:00',NULL,1),(1180,'2023-09-29','2023-05-19 09:38:09.111775','2023-09-29',60,'11:30:00',_binary '\0',19,NULL,'10:30:00',NULL,1),(1181,'2023-10-06','2023-05-19 09:38:09.122189','2023-10-06',60,'11:30:00',_binary '\0',19,NULL,'10:30:00',NULL,1),(1182,'2023-10-13','2023-05-19 09:38:09.133213','2023-10-13',60,'11:30:00',_binary '\0',19,NULL,'10:30:00',NULL,1),(1183,'2023-10-20','2023-05-19 09:38:09.143353','2023-10-20',60,'11:30:00',_binary '\0',19,NULL,'10:30:00',NULL,1),(1184,'2023-10-27','2023-05-19 09:38:09.154915','2023-10-27',60,'11:30:00',_binary '\0',19,NULL,'10:30:00',NULL,1),(1185,'2023-11-03','2023-05-19 09:38:09.165710','2023-11-03',60,'11:30:00',_binary '\0',19,NULL,'10:30:00',NULL,1),(1186,'2023-11-10','2023-05-19 09:38:09.176574','2023-11-10',60,'11:30:00',_binary '\0',19,NULL,'10:30:00',NULL,1),(1187,'2023-11-17','2023-05-19 09:38:09.187984','2023-11-17',60,'11:30:00',_binary '\0',19,NULL,'10:30:00',NULL,1),(1188,'2023-11-24','2023-05-19 09:38:09.198567','2023-11-24',60,'11:30:00',_binary '\0',19,NULL,'10:30:00',NULL,1);
/*!40000 ALTER TABLE `session` ENABLE KEYS */;
UNLOCK TABLES;

--
-- Table structure for table `session_log`
--

DROP TABLE IF EXISTS `session_log`;
/*!40101 SET @saved_cs_client     = @@character_set_client */;
/*!50503 SET character_set_client = utf8mb4 */;
CREATE TABLE `session_log` (
  `session_log_id` bigint NOT NULL AUTO_INCREMENT,
  `after_date` date DEFAULT NULL,
  `before_date` date NOT NULL,
  `created_at` datetime(6) DEFAULT NULL,
  `session_id` bigint NOT NULL,
  PRIMARY KEY (`session_log_id`),
  KEY `FKe6w5ymstvjps0idcv9npp8m9b` (`session_id`),
  CONSTRAINT `FKe6w5ymstvjps0idcv9npp8m9b` FOREIGN KEY (`session_id`) REFERENCES `session` (`session_id`)
) ENGINE=InnoDB DEFAULT CHARSET=utf8mb4 COLLATE=utf8mb4_0900_ai_ci;
/*!40101 SET character_set_client = @saved_cs_client */;

--
-- Dumping data for table `session_log`
--

LOCK TABLES `session_log` WRITE;
/*!40000 ALTER TABLE `session_log` DISABLE KEYS */;
/*!40000 ALTER TABLE `session_log` ENABLE KEYS */;
UNLOCK TABLES;

--
-- Table structure for table `student`
--

DROP TABLE IF EXISTS `student`;
/*!40101 SET @saved_cs_client     = @@character_set_client */;
/*!50503 SET character_set_client = utf8mb4 */;
CREATE TABLE `student` (
  `student_id` bigint NOT NULL AUTO_INCREMENT,
  `created_at` datetime(6) NOT NULL,
  `is_active` bit(1) NOT NULL,
  `parent_contact` varchar(20) DEFAULT NULL,
  `student_contact` varchar(20) DEFAULT NULL,
  `student_name` varchar(10) NOT NULL,
  `tutor_id` bigint NOT NULL,
  PRIMARY KEY (`student_id`),
  KEY `FKnq8hvnfuokc5y0gi1hqra5xul` (`tutor_id`),
  CONSTRAINT `FKnq8hvnfuokc5y0gi1hqra5xul` FOREIGN KEY (`tutor_id`) REFERENCES `tutor` (`tutor_id`)
) ENGINE=InnoDB AUTO_INCREMENT=23 DEFAULT CHARSET=utf8mb4 COLLATE=utf8mb4_0900_ai_ci;
/*!40101 SET character_set_client = @saved_cs_client */;

--
-- Dumping data for table `student`
--

LOCK TABLES `student` WRITE;
/*!40000 ALTER TABLE `student` DISABLE KEYS */;
INSERT INTO `student` VALUES (1,'2023-05-17 17:07:59.849826',_binary '','','010-8874-8965','서금짝',1),(2,'2023-05-17 17:08:13.873151',_binary '','010-1212-1212','010-1212-1212','채치수',1),(3,'2023-05-17 17:08:19.853468',_binary '','010-1212-1212','010-1212-1212','정대만',1),(4,'2023-05-17 17:08:26.790864',_binary '','010-1212-1212','010-1212-1212','송태섭',1),(5,'2023-05-17 17:08:33.484721',_binary '','010-1212-1212','010-1212-1212','안준호',1),(6,'2023-05-18 01:02:00.301375',_binary '','010-4475-7898','010-4652-7745','서삼이',1),(8,'2023-05-18 09:13:56.582080',_binary '','010-9916-8745','010-46871-1246','등록이',1),(12,'2023-05-18 09:22:00.950001',_binary '','010-3434-3434','010-1212-1212','서잼민',1),(13,'2023-05-18 09:27:15.399587',_binary '','010-4545-4545','010-1212-1212','강잭뚝',1),(18,'2023-05-18 17:35:09.307140',_binary '','','','박정호',1),(19,'2023-05-18 21:27:05.461034',_binary '','010-4545-4545','010-4545-4545','서유진',2),(20,'2023-05-18 21:27:14.342916',_binary '','010-4545-4545','010-4545-4545','서희연',2),(21,'2023-05-18 23:38:18.334303',_binary '','010-4545-4545','010-4545-4545','강학생',3),(22,'2023-05-19 09:37:47.497965',_binary '','010-4681-5632','010-8878-4651','simon',1);
/*!40000 ALTER TABLE `student` ENABLE KEYS */;
UNLOCK TABLES;

--
-- Table structure for table `student_lesson`
--

DROP TABLE IF EXISTS `student_lesson`;
/*!40101 SET @saved_cs_client     = @@character_set_client */;
/*!50503 SET character_set_client = utf8mb4 */;
CREATE TABLE `student_lesson` (
  `student_lesson_id` bigint NOT NULL AUTO_INCREMENT,
  `is_active` bit(1) NOT NULL,
  `lesson_id` bigint NOT NULL,
  `student_id` bigint NOT NULL,
  `student_lesson_code` varchar(255) NOT NULL,
  PRIMARY KEY (`student_lesson_id`),
  KEY `FKa64mwri6gq3ai7jwih91gsmf7` (`lesson_id`),
  KEY `FK2nmxs05vgk43xy1cko182p72p` (`student_id`),
  CONSTRAINT `FK2nmxs05vgk43xy1cko182p72p` FOREIGN KEY (`student_id`) REFERENCES `student` (`student_id`),
  CONSTRAINT `FKa64mwri6gq3ai7jwih91gsmf7` FOREIGN KEY (`lesson_id`) REFERENCES `lesson` (`lesson_id`)
) ENGINE=InnoDB AUTO_INCREMENT=42 DEFAULT CHARSET=utf8mb4 COLLATE=utf8mb4_0900_ai_ci;
/*!40101 SET character_set_client = @saved_cs_client */;

--
-- Dumping data for table `student_lesson`
--

LOCK TABLES `student_lesson` WRITE;
/*!40000 ALTER TABLE `student_lesson` DISABLE KEYS */;
INSERT INTO `student_lesson` VALUES (1,_binary '',1,1,'aac82247-3b41-46f1-b23f-5df0bcded2be'),(2,_binary '',1,2,'a80ddbaf-3112-4ccf-a7c4-93bc75fcb069'),(3,_binary '',2,1,'bd8d0cb4-fa60-4a76-ad00-855fe1667195'),(4,_binary '',2,2,'5ed9ffab-88e7-4899-b75a-aeb51f3e0af2'),(5,_binary '',3,1,'1737fab8-0d6e-4daa-819a-2751db706e60'),(6,_binary '',3,2,'648bad4f-4bc5-47d1-b84c-6713779f6729'),(7,_binary '',4,1,'cc6b83f5-9235-40b6-80a4-abb76cdcd604'),(8,_binary '',4,2,'ba7fe561-bbf2-469e-a4ba-a63aaa694024'),(9,_binary '',5,1,'5fe4935c-9e4d-4e9b-879a-a4c2d9db2346'),(10,_binary '',6,1,'3d6f386f-4821-47e0-9356-8d1f42de4008'),(11,_binary '',6,2,'45c6a786-d8c5-4e29-bbbd-f751733c9a4e'),(12,_binary '',7,1,'eae24737-ce51-4bdd-b0ba-afcacf04c260'),(13,_binary '',7,2,'f7b73ff3-4377-4f3f-8971-15f7c139dc85'),(14,_binary '\0',8,1,'c89408ee-da3c-437d-aa0f-e0f9e01f6af9'),(15,_binary '\0',8,2,'a99b2ec0-6c96-40fe-bfc0-c46515277669'),(16,_binary '',9,1,'95a37e8b-2fb2-480e-8cf2-2cea926b6c96'),(17,_binary '',9,2,'5cb674fe-9a23-4ea0-9059-648039fb0d7a'),(18,_binary '',10,1,'ec86d8c9-09da-40b5-8361-5647aa2be63e'),(19,_binary '',10,2,'61d7ee9c-4fcd-4f55-ba46-f3b0757d8120'),(20,_binary '',11,19,'82f78ed2-d129-4b6a-befc-04c2b4707c81'),(21,_binary '',12,19,'1de853e4-6608-4f76-a48a-c3cd366e1f1a'),(22,_binary '',12,20,'42750e48-f8ee-46a0-915d-7e0c1f118a9d'),(23,_binary '',13,20,'4afd67ed-b415-49d5-a7e9-ae603ec00b47'),(24,_binary '',8,20,'92b0c06a-dc8f-4364-8c03-2b6c1e764b87'),(25,_binary '\0',12,1,'78cdbedd-c825-434a-9dc3-60bf640d3b91'),(26,_binary '\0',12,2,'14a8953a-9c6c-45a3-8384-e7db28acfe0f'),(27,_binary '',14,3,'ab8a9fb6-06aa-4206-ad29-a55fd7043334'),(28,_binary '',14,5,'a9b917a8-b521-45ed-b00a-90f4ef4404e7'),(29,_binary '',14,13,'0dd28fb7-aa2c-4105-9167-baa5e0c618bc'),(30,_binary '',14,12,'a1cd7ee4-76a1-4f0d-a216-8bbf7cb089cf'),(31,_binary '',15,2,'f8784596-2af4-4164-9e23-cc14ecc237af'),(32,_binary '',15,3,'0f61b274-0749-4c1d-8e9f-28fa88108a3f'),(33,_binary '',15,4,'2bbeb180-def1-4d75-8440-69e60a1ba73a'),(34,_binary '',15,5,'cf1ccf9f-a5c0-4621-916e-c7d5d6f6a2c2'),(35,_binary '',16,20,'9fe5c603-60f7-44c6-8369-24d73fae875e'),(36,_binary '',17,20,'410d62b5-c2fb-4f0d-b7d9-20363eeccd58'),(37,_binary '',18,19,'cc33f83b-e864-4267-9410-875175eecfbb'),(38,_binary '',18,20,'ccf1f325-b4e7-4c3b-a1ac-848673c8a26f'),(39,_binary '',19,22,'eae8b871-07c1-49df-9b55-6e09470dae2e'),(40,_binary '',19,18,'d5df9076-e98b-4d5c-aaa4-b2bf39070118'),(41,_binary '',19,13,'52fdbd7b-0a4d-4d99-bfaa-1d8a2ba9231d');
/*!40000 ALTER TABLE `student_lesson` ENABLE KEYS */;
UNLOCK TABLES;

--
-- Table structure for table `tag`
--

DROP TABLE IF EXISTS `tag`;
/*!40101 SET @saved_cs_client     = @@character_set_client */;
/*!50503 SET character_set_client = utf8mb4 */;
CREATE TABLE `tag` (
  `tag_id` bigint NOT NULL AUTO_INCREMENT,
  `tag` varchar(255) NOT NULL,
  `tutor_id` bigint NOT NULL,
  PRIMARY KEY (`tag_id`)
) ENGINE=InnoDB AUTO_INCREMENT=62 DEFAULT CHARSET=utf8mb4 COLLATE=utf8mb4_0900_ai_ci;
/*!40101 SET character_set_client = @saved_cs_client */;

--
-- Dumping data for table `tag`
--

LOCK TABLES `tag` WRITE;
/*!40000 ALTER TABLE `tag` DISABLE KEYS */;
INSERT INTO `tag` VALUES (1,'국어',1),(2,'수학',1),(3,'영어',1),(4,'사회탐구',1),(5,'과학탐구',1),(6,'과학',1),(7,'지리',1),(9,'물리',1),(11,'내신',1),(12,'정시',1),(13,'강동중학교',1),(14,'수학II',1),(16,'강남',1),(17,'중학교',1),(18,'고등학교',1),(19,'개발',1),(20,'백앤드',1),(21,'프론트앤드',1),(22,'수능',1),(23,'유진',1),(24,'형준',1),(25,'희연',1),(26,'연진',1),(27,'테스트',1),(28,'시험',1),(29,'심화',1),(30,'기본',1),(31,'목표',1),(32,'심화',2),(33,'시험',2),(34,'연진',2),(35,'유진',2),(36,'태그',2),(37,'추가',2),(38,'강남',2),(39,'태그',3),(40,'코딩',3),(41,'멀캠',3),(42,'영등포',2),(43,'강서',2),(44,'당산',2),(45,'성공',2),(46,'재채기',2),(47,'신도림',2),(48,'역삼',2),(49,'사당',1),(50,'선릉',2),(51,'예쁜',2),(52,'컨설턴트',1),(53,'코치',1),(54,'교육생',1),(55,'교육프로',1),(56,'고기',1),(57,'술',1),(58,'마지막',2),(59,'스퍼트',2),(60,'아침',2),(61,'자격증',1);
/*!40000 ALTER TABLE `tag` ENABLE KEYS */;
UNLOCK TABLES;

--
-- Table structure for table `tutor`
--

DROP TABLE IF EXISTS `tutor`;
/*!40101 SET @saved_cs_client     = @@character_set_client */;
/*!50503 SET character_set_client = utf8mb4 */;
CREATE TABLE `tutor` (
  `tutor_id` bigint NOT NULL AUTO_INCREMENT,
  `created_at` date NOT NULL,
  `email` varchar(50) NOT NULL,
  `is_authenticated` bit(1) NOT NULL,
  `is_withdraw` bit(1) NOT NULL,
  `name` varchar(10) NOT NULL,
  `nickname` varchar(20) NOT NULL,
  `password` varchar(68) NOT NULL,
  `profile_url` varchar(255) NOT NULL,
  `refresh_token` varchar(255) DEFAULT NULL,
  `theme_index` smallint NOT NULL,
  PRIMARY KEY (`tutor_id`),
  UNIQUE KEY `UK_s4y7yo6wggh8an3x9ky6xjya4` (`nickname`)
) ENGINE=InnoDB AUTO_INCREMENT=4 DEFAULT CHARSET=utf8mb4 COLLATE=utf8mb4_0900_ai_ci;
/*!40101 SET character_set_client = @saved_cs_client */;

--
-- Dumping data for table `tutor`
--

LOCK TABLES `tutor` WRITE;
/*!40000 ALTER TABLE `tutor` DISABLE KEYS */;
INSERT INTO `tutor` VALUES (1,'2023-05-17','first@first.com',_binary '\0',_binary '\0','첫번째유저','두둥','{bcrypt}$2a$10$Jf.N9M3H0.kPBj2zH8CqKOIZPdsqN1xsZgPQHwhIhCy7g55YjuuMO','default_url','refreshToken',4),(2,'2023-05-18','test@gmail.com',_binary '\0',_binary '\0','서형준바보','서형준바보','{bcrypt}$2a$10$cftW0y1jNlbP/ETMP.2MwO7aE9DALHCaL8iA9WWtI7adI9HRdqGMO','default_url','refreshToken',1),(3,'2023-05-18','mstkang@gmail.com',_binary '\0',_binary '\0','강컨','강컨닉','{bcrypt}$2a$10$5V9xDJLspwP6EKvwsyWmSOiomN/cOHnmRem4xllMfDnNXUqWkYD/u','default_url','refreshToken',1);
/*!40000 ALTER TABLE `tutor` ENABLE KEYS */;
UNLOCK TABLES;

--
-- Table structure for table `tutor_roles`
--

DROP TABLE IF EXISTS `tutor_roles`;
/*!40101 SET @saved_cs_client     = @@character_set_client */;
/*!50503 SET character_set_client = utf8mb4 */;
CREATE TABLE `tutor_roles` (
  `tutor_tutor_id` bigint NOT NULL,
  `roles` varchar(255) DEFAULT NULL,
  KEY `FKo0d0mkdqtrh48wpw31ury7tmy` (`tutor_tutor_id`),
  CONSTRAINT `FKo0d0mkdqtrh48wpw31ury7tmy` FOREIGN KEY (`tutor_tutor_id`) REFERENCES `tutor` (`tutor_id`)
) ENGINE=InnoDB DEFAULT CHARSET=utf8mb4 COLLATE=utf8mb4_0900_ai_ci;
/*!40101 SET character_set_client = @saved_cs_client */;

--
-- Dumping data for table `tutor_roles`
--

LOCK TABLES `tutor_roles` WRITE;
/*!40000 ALTER TABLE `tutor_roles` DISABLE KEYS */;
INSERT INTO `tutor_roles` VALUES (1,'ROLE_USER'),(2,'ROLE_USER'),(3,'ROLE_USER');
/*!40000 ALTER TABLE `tutor_roles` ENABLE KEYS */;
UNLOCK TABLES;
/*!40103 SET TIME_ZONE=@OLD_TIME_ZONE */;

/*!40101 SET SQL_MODE=@OLD_SQL_MODE */;
/*!40014 SET FOREIGN_KEY_CHECKS=@OLD_FOREIGN_KEY_CHECKS */;
/*!40014 SET UNIQUE_CHECKS=@OLD_UNIQUE_CHECKS */;
/*!40101 SET CHARACTER_SET_CLIENT=@OLD_CHARACTER_SET_CLIENT */;
/*!40101 SET CHARACTER_SET_RESULTS=@OLD_CHARACTER_SET_RESULTS */;
/*!40101 SET COLLATION_CONNECTION=@OLD_COLLATION_CONNECTION */;
/*!40111 SET SQL_NOTES=@OLD_SQL_NOTES */;

-- Dump completed on 2023-05-19 10:27:54
